university_name,degree_program_link,program_name,degree_type,campuses,program_link
University of Wyoming,https://www.uwyo.edu/uw/degree-programs/index.html,Accounting,Bachelor of Science in Business (B.S.B.),"Laramie Campus, Online, Hybrid",https://www.uwyo.edu/uw/degree-programs/accounting-bachelors.html
University of Wyoming,https://www.uwyo.edu/uw/degree-programs/index.html,Accounting,Master of Science (M.S.),"Laramie Campus, Online",https://www.uwyo.edu/uw/degree-programs/accounting-ms.html
University of Wyoming,https://www.uwyo.edu/uw/degree-programs/index.html,Acting Performance,Undergraduate Minor,Laramie Campus,https://www.uwyo.edu/uw/degree-programs/acting-minor.html
University of Wyoming,https://www.uwyo.edu/uw/degree-programs/index.html,Adapted Physical Education K-12,Endorsement,Laramie Campus,https://www.uwyo.edu/uw/degree-programs/adapted-pe-k-12.html
University of Wyoming,https://www.uwyo.edu/uw/degree-programs/index.html,African American and Diaspora Studies,Undergraduate Minor,Laramie Campus,https://www.uwyo.edu/uw/degree-programs/african-american-diaspora-studies.html
University of Wyoming,https://www.uwyo.edu/uw/degree-programs/index.html,Aging Studies,Undergraduate Minor,"Laramie Campus, Online, Hybrid",https://www.uwyo.edu/uw/degree-programs/aging-studies.html
University of Wyoming,https://www.uwyo.edu/uw/degree-programs/index.html,Agribusiness Leadership,Undergraduate Certificate,"Online, UW Casper",https://www.uwyo.edu/uw/degree-programs/agribusiness-leadership-minor.html
University of Wyoming,https://www.uwyo.edu/uw/degree-programs/index.html,Agricultural Business,Bachelor of Science (B.S.),Laramie Campus,https://www.uwyo.edu/uw/degree-programs/agriculture-business-bachelors.html
University of Wyoming,https://www.uwyo.edu/uw/degree-programs/index.html,Agricultural Communications,Bachelor of Science (B.S.),Laramie Campus,https://www.uwyo.edu/uw/degree-programs/agriculture-communications-bachelors.html
University of Wyoming,https://www.uwyo.edu/uw/degree-programs/index.html,Agricultural Economics,Undergraduate Minor,Laramie Campus,https://www.uwyo.edu/uw/degree-programs/agricultural-economics-minor.html
University of Wyoming,https://www.uwyo.edu/uw/degree-programs/index.html,Agriculture Economics,Master of Science (M.S.),Laramie Campus,https://www.uwyo.edu/uw/degree-programs/agricultural-applied-economics-ms.html
University of Wyoming,https://www.uwyo.edu/uw/degree-programs/index.html,Agroecology,Undergraduate Minor,Laramie Campus,https://www.uwyo.edu/uw/degree-programs/agroecology-minor.html
University of Wyoming,https://www.uwyo.edu/uw/degree-programs/index.html,Agronomy,Undergraduate Minor,Laramie Campus,https://www.uwyo.edu/uw/degree-programs/agronomy-minor.html
University of Wyoming,https://www.uwyo.edu/uw/degree-programs/index.html,Air Force ROTC Aerospace Studies,Undergraduate Minor,Laramie Campus,https://www.uwyo.edu/uw/degree-programs/aerospace-studies-minor.html
University of Wyoming,https://www.uwyo.edu/uw/degree-programs/index.html,American Politics,Undergraduate Minor,Laramie Campus,https://www.uwyo.edu/uw/degree-programs/political-science-minor.html
University of Wyoming,https://www.uwyo.edu/uw/degree-programs/index.html,American Sign Language (ASL),Undergraduate Certificate,Laramie Campus,https://www.uwyo.edu/uw/degree-programs/asl-certificate.html
University of Wyoming,https://www.uwyo.edu/uw/degree-programs/index.html,American Studies,Bachelor of Arts (B.A.),Laramie Campus,https://www.uwyo.edu/uw/degree-programs/american-studies-bachelors.html
University of Wyoming,https://www.uwyo.edu/uw/degree-programs/index.html,American Studies,Master of Arts (M.A.),Laramie Campus,https://www.uwyo.edu/uw/degree-programs/american-studies-masters.html
University of Wyoming,https://www.uwyo.edu/uw/degree-programs/index.html,Animal and Veterinary Science,Bachelor of Science (B.S.),Laramie Campus,https://www.uwyo.edu/uw/degree-programs/animal-science-bachelors.html
University of Wyoming,https://www.uwyo.edu/uw/degree-programs/index.html,Animal and Veterinary Science,Master of Science (M.S.),Laramie Campus,https://www.uwyo.edu/uw/degree-programs/animal-vet-science-ms-phd.html
University of Wyoming,https://www.uwyo.edu/uw/degree-programs/index.html,Anthropology,Bachelor of Arts (B.A.),Laramie Campus,https://www.uwyo.edu/uw/degree-programs/anthropology-bachelors.html
University of Wyoming,https://www.uwyo.edu/uw/degree-programs/index.html,Anthropology,Master of Arts (M.A.),Laramie Campus,https://www.uwyo.edu/uw/degree-programs/anthropology-ma-phd.html
University of Wyoming,https://www.uwyo.edu/uw/degree-programs/index.html,Apparel Design,Undergraduate Minor,Laramie Campus,https://www.uwyo.edu/uw/degree-programs/apparel-design-minor.html
University of Wyoming,https://www.uwyo.edu/uw/degree-programs/index.html,Applied Computing,Bachelor of Science (B.S.),Laramie Campus,https://www.uwyo.edu/uw/degree-programs/applied-computing-bachelors.html
University of Wyoming,https://www.uwyo.edu/uw/degree-programs/index.html,Applied Economics,Graduate Minor,Laramie Campus,https://www.uwyo.edu/uw/degree-programs/applied-economics-minor.html
University of Wyoming,https://www.uwyo.edu/uw/degree-programs/index.html,Applied Software Development,Bachelor of Science (B.S.),Online,https://www.uwyo.edu/uw/degree-programs/software-development-bachelors.html
University of Wyoming,https://www.uwyo.edu/uw/degree-programs/index.html,Architectural Engineering,Bachelor of Science (B.S.),Laramie Campus,https://www.uwyo.edu/uw/degree-programs/architectural-engineering-bachelors.html
University of Wyoming,https://www.uwyo.edu/uw/degree-programs/index.html,Architectural Engineering,Master of Science (M.S.),Laramie Campus,https://www.uwyo.edu/uw/degree-programs/architectural-engineering-ms.html
University of Wyoming,https://www.uwyo.edu/uw/degree-programs/index.html,Army ROTC Military Science,Undergraduate Minor,Laramie Campus,https://www.uwyo.edu/uw/degree-programs/army-rotc-military-science-minor.html
University of Wyoming,https://www.uwyo.edu/uw/degree-programs/index.html,Art Education,Bachelor of Arts (B.A.),Laramie Campus,https://www.uwyo.edu/uw/degree-programs/art-education-bachelors.html
University of Wyoming,https://www.uwyo.edu/uw/degree-programs/index.html,Art History,Undergraduate Minor,Laramie Campus,https://www.uwyo.edu/uw/degree-programs/art-history-minor.html
University of Wyoming,https://www.uwyo.edu/uw/degree-programs/index.html,Art History Track,Bachelor of Arts (B.A.),Laramie Campus,https://www.uwyo.edu/uw/degree-programs/art-history-ba.html
University of Wyoming,https://www.uwyo.edu/uw/degree-programs/index.html,Artificial Intelligence,Master of Science (M.S.),Laramie Campus,https://www.uwyo.edu/uw/degree-programs/artificial-intelligence-masters.html
University of Wyoming,https://www.uwyo.edu/uw/degree-programs/index.html,Arts Entrepreneurship,Undergraduate Certificate,Laramie Campus,https://www.uwyo.edu/uw/degree-programs/arts-entrepreneurship.html
University of Wyoming,https://www.uwyo.edu/uw/degree-programs/index.html,Asian Studies,Undergraduate Minor,Laramie Campus,https://www.uwyo.edu/uw/degree-programs/asian-studies-minor.html
University of Wyoming,https://www.uwyo.edu/uw/degree-programs/index.html,Astronomy,Undergraduate Minor,Laramie Campus,https://www.uwyo.edu/uw/degree-programs/astronomy-minor.html
University of Wyoming,https://www.uwyo.edu/uw/degree-programs/index.html,Astronomy and Astrophysics,Bachelor of Science (B.S.),Laramie Campus,https://www.uwyo.edu/uw/degree-programs/astronomy-and-astrophysics-bs.html
University of Wyoming,https://www.uwyo.edu/uw/degree-programs/index.html,Athletic Coaching,Endorsement,Laramie Campus,https://www.uwyo.edu/uw/degree-programs/athletic-coaching.html
University of Wyoming,https://www.uwyo.edu/uw/degree-programs/index.html,Atmospheric Science,Master of Science (M.S.),Laramie Campus,https://www.uwyo.edu/uw/degree-programs/atmospheric-science-masters-phd.html
University of Wyoming,https://www.uwyo.edu/uw/degree-programs/index.html,Audio Technology,Undergraduate Certificate,Laramie Campus,https://www.uwyo.edu/uw/degree-programs/audio-technology-certificate.html
University of Wyoming,https://www.uwyo.edu/uw/degree-programs/index.html,B.S. in Physiology/Pharm.D. Dual Degree Program,Bachelor of Science (B.S.),Laramie Campus,https://www.uwyo.edu/uw/degree-programs/pre-pharmacy-pharmd-physiology.html
University of Wyoming,https://www.uwyo.edu/uw/degree-programs/index.html,Bachelor of General Studies,Bachelor of General Studies (B.G.S.),"Laramie Campus, Online, Hybrid, UW Casper",https://www.uwyo.edu/uw/degree-programs/general-studies-bgs.html
University of Wyoming,https://www.uwyo.edu/uw/degree-programs/index.html,Banking and Financial Services,Undergraduate Minor,Laramie Campus,https://www.uwyo.edu/uw/degree-programs/finance-minor.html
University of Wyoming,https://www.uwyo.edu/uw/degree-programs/index.html,Basic BSN,Bachelor of Science in Nursing (B.S.N.),Laramie Campus,https://www.uwyo.edu/uw/degree-programs/basic-bsn.html
University of Wyoming,https://www.uwyo.edu/uw/degree-programs/index.html,Biology,Bachelor of Science (B.S.),"Laramie Campus, UW Casper",https://www.uwyo.edu/uw/degree-programs/biology-bachelors.html
University of Wyoming,https://www.uwyo.edu/uw/degree-programs/index.html,Biomedical Engineering,Undergraduate Minor,Laramie Campus,https://www.uwyo.edu/uw/degree-programs/biomedical-engineering-minor.html
University of Wyoming,https://www.uwyo.edu/uw/degree-programs/index.html,Biomedical Sciences,Doctor of Philosophy (Ph.D.),Laramie Campus,https://www.uwyo.edu/uw/degree-programs/biomedical-sciences-phd.html
University of Wyoming,https://www.uwyo.edu/uw/degree-programs/index.html,Blockchain,Undergraduate Minor,Laramie Campus,https://www.uwyo.edu/uw/degree-programs/blockchain-minor.html
University of Wyoming,https://www.uwyo.edu/uw/degree-programs/index.html,Botany,Bachelor of Science (B.S.),Laramie Campus,https://www.uwyo.edu/uw/degree-programs/botany-bachelors.html
University of Wyoming,https://www.uwyo.edu/uw/degree-programs/index.html,Botany,Master of Science (M.S.),Laramie Campus,https://www.uwyo.edu/uw/degree-programs/botany-masters-phd.html
University of Wyoming,https://www.uwyo.edu/uw/degree-programs/index.html,BRAND,Bachelor of Science in Nursing (B.S.N.),"Laramie Campus, Hybrid",https://www.uwyo.edu/uw/degree-programs/brand.html
University of Wyoming,https://www.uwyo.edu/uw/degree-programs/index.html,BSN Completion,Bachelor of Science in Nursing (B.S.N.),Online,https://www.uwyo.edu/uw/degree-programs/bsn-completion.html
University of Wyoming,https://www.uwyo.edu/uw/degree-programs/index.html,Business Economics,Bachelor of Science in Business (B.S.B.),Laramie Campus,https://www.uwyo.edu/uw/degree-programs/business-economics-bachelors.html
University of Wyoming,https://www.uwyo.edu/uw/degree-programs/index.html,Cadastral/Land Surveying,Undergraduate Certificate,Online,https://www.uwyo.edu/uw/degree-programs/land-surveying-certificate.html
University of Wyoming,https://www.uwyo.edu/uw/degree-programs/index.html,Carbon Capture Utilization and Storage,Undergraduate Certificate,"Laramie Campus, Online, Hybrid",https://www.uwyo.edu/uw/degree-programs/ccus-certificate.html
University of Wyoming,https://www.uwyo.edu/uw/degree-programs/index.html,Ceramics,Undergraduate Minor,Laramie Campus,https://www.uwyo.edu/uw/degree-programs/ceramics-minor.html
University of Wyoming,https://www.uwyo.edu/uw/degree-programs/index.html,Certified Financial Planning,Graduate Certificate,Online,https://www.uwyo.edu/uw/degree-programs/certified-financial-planning.html
University of Wyoming,https://www.uwyo.edu/uw/degree-programs/index.html,Chemical Engineering,Bachelor of Science (B.S.),Laramie Campus,https://www.uwyo.edu/uw/degree-programs/chemical-engineering-bachelors.html
University of Wyoming,https://www.uwyo.edu/uw/degree-programs/index.html,Chemical Engineering,Master of Science (M.S.),Laramie Campus,https://www.uwyo.edu/uw/degree-programs/chemical-engineering-ms.html
University of Wyoming,https://www.uwyo.edu/uw/degree-programs/index.html,Chemical Engineering,Doctor of Philosophy (Ph.D.),Laramie Campus,https://www.uwyo.edu/uw/degree-programs/chemical-engineering-phd.html
University of Wyoming,https://www.uwyo.edu/uw/degree-programs/index.html,Chemistry,Bachelor of Arts (B.A.),Laramie Campus,https://www.uwyo.edu/uw/degree-programs/chemistry-bachelors.html
University of Wyoming,https://www.uwyo.edu/uw/degree-programs/index.html,Chemistry,Master of Science (M.S.),Laramie Campus,https://www.uwyo.edu/uw/degree-programs/chemistry-masters.html
University of Wyoming,https://www.uwyo.edu/uw/degree-programs/index.html,Chemistry,Doctor of Philosophy (Ph.D.),Laramie Campus,https://www.uwyo.edu/uw/degree-programs/chemistry-phd.html
University of Wyoming,https://www.uwyo.edu/uw/degree-programs/index.html,Chinese,Undergraduate Minor,Laramie Campus,https://www.uwyo.edu/uw/degree-programs/chinese-minor.html
University of Wyoming,https://www.uwyo.edu/uw/degree-programs/index.html,Civil Engineering,Bachelor of Science (B.S.),Laramie Campus,https://www.uwyo.edu/uw/degree-programs/civil-engineering-bachelors.html
University of Wyoming,https://www.uwyo.edu/uw/degree-programs/index.html,Civil Engineering,Master of Science (M.S.),Laramie Campus,https://www.uwyo.edu/uw/degree-programs/civil-engineering-ms.html
University of Wyoming,https://www.uwyo.edu/uw/degree-programs/index.html,Civil Engineering,Doctor of Philosophy (Ph.D.),Laramie Campus,https://www.uwyo.edu/uw/degree-programs/civil-engineering-phd.html
University of Wyoming,https://www.uwyo.edu/uw/degree-programs/index.html,Classical Civilizations,Undergraduate Minor,Laramie Campus,https://www.uwyo.edu/uw/degree-programs/classical-civilizations-minor.html
University of Wyoming,https://www.uwyo.edu/uw/degree-programs/index.html,Collaborative Practice,Graduate Minor,Laramie Campus,https://www.uwyo.edu/uw/degree-programs/collaborative-practice-graduate-minor.html
University of Wyoming,https://www.uwyo.edu/uw/degree-programs/index.html,Communication,Bachelor of Arts (B.A.),"Laramie Campus, UW Casper",https://www.uwyo.edu/uw/degree-programs/communication-bachelors.html
University of Wyoming,https://www.uwyo.edu/uw/degree-programs/index.html,Communication,Master of Arts (M.A.),Laramie Campus,https://www.uwyo.edu/uw/degree-programs/communication-masters.html
University of Wyoming,https://www.uwyo.edu/uw/degree-programs/index.html,Community & Public Health,Graduate Certificate,Online,https://www.uwyo.edu/uw/degree-programs/community-public-health-certificate.html
University of Wyoming,https://www.uwyo.edu/uw/degree-programs/index.html,Community College Leadership,Graduate Certificate,Online,https://www.uwyo.edu/uw/degree-programs/community-college-leadership-certificate.html
University of Wyoming,https://www.uwyo.edu/uw/degree-programs/index.html,Computer Engineering,Bachelor of Science (B.S.),Laramie Campus,https://www.uwyo.edu/uw/degree-programs/computer-engineering-bachelors.html
University of Wyoming,https://www.uwyo.edu/uw/degree-programs/index.html,Computer Science,Bachelor of Science (B.S.),Laramie Campus,https://www.uwyo.edu/uw/degree-programs/computer-science-bachelors.html
University of Wyoming,https://www.uwyo.edu/uw/degree-programs/index.html,Computer Science,Master of Science (M.S.),Laramie Campus,https://www.uwyo.edu/uw/degree-programs/computer-science-ms-phd.html
University of Wyoming,https://www.uwyo.edu/uw/degree-programs/index.html,Computing,Undergraduate Minor,Laramie Campus,https://www.uwyo.edu/uw/degree-programs/computing-minor.html
University of Wyoming,https://www.uwyo.edu/uw/degree-programs/index.html,Construction Management,Bachelor of Science (B.S.),Laramie Campus,https://www.uwyo.edu/uw/degree-programs/construction-management-bachelors.html
University of Wyoming,https://www.uwyo.edu/uw/degree-programs/index.html,Counseling,Master of Science (M.S.),"Laramie Campus, Online, Hybrid, UW Casper",https://www.uwyo.edu/uw/degree-programs/counseling-masters.html
University of Wyoming,https://www.uwyo.edu/uw/degree-programs/index.html,Creative Writing,Master of Fine Arts (M.F.A.),Laramie Campus,https://www.uwyo.edu/uw/degree-programs/creative-writing-mfa.html
University of Wyoming,https://www.uwyo.edu/uw/degree-programs/index.html,Creative Writing,Undergraduate Minor,Laramie Campus,https://www.uwyo.edu/uw/degree-programs/creative-writing-minor.html
University of Wyoming,https://www.uwyo.edu/uw/degree-programs/index.html,Criminal Justice,Bachelor of Arts (B.A.),"Laramie Campus, Online, Hybrid",https://www.uwyo.edu/uw/degree-programs/criminal-justice-bachelors.html
University of Wyoming,https://www.uwyo.edu/uw/degree-programs/index.html,Curriculum and Instruction,Doctor of Philosophy (Ph.D.),"Laramie Campus, Online, Hybrid",https://www.uwyo.edu/uw/degree-programs/curriculum-instruction-phd.html
University of Wyoming,https://www.uwyo.edu/uw/degree-programs/index.html,Cybersecurity,Undergraduate Certificate,Laramie Campus,https://www.uwyo.edu/uw/degree-programs/cybersecurity-certificate.html
University of Wyoming,https://www.uwyo.edu/uw/degree-programs/index.html,Dance,Undergraduate Minor,Laramie Campus,https://www.uwyo.edu/uw/degree-programs/dance-minor.html
University of Wyoming,https://www.uwyo.edu/uw/degree-programs/index.html,Data Analytics,Undergraduate Minor,Laramie Campus,https://www.uwyo.edu/uw/degree-programs/data-analytics-minor.html
University of Wyoming,https://www.uwyo.edu/uw/degree-programs/index.html,Dental Hygiene,Bachelor of Science (B.S.),Laramie Campus,https://www.uwyo.edu/uw/degree-programs/dental-hygiene-bsdh.html
University of Wyoming,https://www.uwyo.edu/uw/degree-programs/index.html,"Design, Merchandising & Textiles",Bachelor of Science (B.S.),Laramie Campus,https://www.uwyo.edu/uw/degree-programs/design-merchandising-textiles-bachelors.html
University of Wyoming,https://www.uwyo.edu/uw/degree-programs/index.html,"Design, Technology and Management",Undergraduate Minor,Laramie Campus,https://www.uwyo.edu/uw/degree-programs/theatre-design-technology-minor.html
University of Wyoming,https://www.uwyo.edu/uw/degree-programs/index.html,Digital Media,Undergraduate Minor,Laramie Campus,https://www.uwyo.edu/uw/degree-programs/digital-media-minor.html
University of Wyoming,https://www.uwyo.edu/uw/degree-programs/index.html,Disability Studies,Undergraduate Minor,Laramie Campus,https://www.uwyo.edu/uw/degree-programs/disability-studies.html
University of Wyoming,https://www.uwyo.edu/uw/degree-programs/index.html,Doctor of Pharmacy,Pharm.D.,Laramie Campus,https://www.uwyo.edu/uw/degree-programs/pharm-d.html
University of Wyoming,https://www.uwyo.edu/uw/degree-programs/index.html,Drawing,Undergraduate Minor,Laramie Campus,https://www.uwyo.edu/uw/degree-programs/drawing-minor.html
University of Wyoming,https://www.uwyo.edu/uw/degree-programs/index.html,Early Childhood Education,Undergraduate Minor,Laramie Campus,https://www.uwyo.edu/uw/degree-programs/early-childhood-education-minor.html
University of Wyoming,https://www.uwyo.edu/uw/degree-programs/index.html,Early Childhood Special Education (Birth to Five),Graduate Certificate,Online,https://www.uwyo.edu/uw/degree-programs/early-childhood-special-education-birth-to-five.html
University of Wyoming,https://www.uwyo.edu/uw/degree-programs/index.html,Ecology and Evolution,Doctor of Philosophy (Ph.D.),Laramie Campus,https://www.uwyo.edu/uw/degree-programs/ecology-evolution-phd.html
University of Wyoming,https://www.uwyo.edu/uw/degree-programs/index.html,Economics,Bachelor of Science in Economics (B.S.E.),Laramie Campus,https://www.uwyo.edu/uw/degree-programs/economics-bachelors.html
University of Wyoming,https://www.uwyo.edu/uw/degree-programs/index.html,Economics,Master of Science (M.S.),Laramie Campus,https://www.uwyo.edu/uw/degree-programs/economics-masters.html
University of Wyoming,https://www.uwyo.edu/uw/degree-programs/index.html,Economics,Undergraduate Minor,Laramie Campus,https://www.uwyo.edu/uw/degree-programs/economics-minor.html
University of Wyoming,https://www.uwyo.edu/uw/degree-programs/index.html,Economics,Doctor of Philosophy (Ph.D.),Laramie Campus,https://www.uwyo.edu/uw/degree-programs/economics-phd.html
University of Wyoming,https://www.uwyo.edu/uw/degree-programs/index.html,Education,Doctor of Education (Ed.D.),Online,https://www.uwyo.edu/uw/degree-programs/education-edd.html
University of Wyoming,https://www.uwyo.edu/uw/degree-programs/index.html,Education,Master of Arts (M.A.),"Laramie Campus, Online, Hybrid",https://www.uwyo.edu/uw/degree-programs/education-masters.html
University of Wyoming,https://www.uwyo.edu/uw/degree-programs/index.html,Educational Leadership Concentration,Doctor of Education (Ed.D.),Online,https://www.uwyo.edu/uw/degree-programs/educational-leadership-edd.html
University of Wyoming,https://www.uwyo.edu/uw/degree-programs/index.html,Educational Leadership Concentration,Master of Arts (M.A.),Online,https://www.uwyo.edu/uw/degree-programs/educational-leadership-masters.html
University of Wyoming,https://www.uwyo.edu/uw/degree-programs/index.html,Electrical Engineering,Bachelor of Science (B.S.),Laramie Campus,https://www.uwyo.edu/uw/degree-programs/electrical-engineering-bachelors.html
University of Wyoming,https://www.uwyo.edu/uw/degree-programs/index.html,Electrical Engineering,Master of Science (M.S.),Laramie Campus,https://www.uwyo.edu/uw/degree-programs/electrical-engineering-masters.html
University of Wyoming,https://www.uwyo.edu/uw/degree-programs/index.html,Electrical Engineering,Doctor of Philosophy (Ph.D.),Laramie Campus,https://www.uwyo.edu/uw/degree-programs/electrical-engineering-phd.html
University of Wyoming,https://www.uwyo.edu/uw/degree-programs/index.html,Electrical Engineering F.M. Long Memorial Bioengineering Option,Bachelor of Science (B.S.),Laramie Campus,https://www.uwyo.edu/uw/degree-programs/electrical-engineering-bioengineering-bs.html
University of Wyoming,https://www.uwyo.edu/uw/degree-programs/index.html,Elementary Education,Bachelor of Arts (B.A.),"Laramie Campus, Online, Hybrid, UW Casper",https://www.uwyo.edu/uw/degree-programs/elementary-education-bachelors.html
University of Wyoming,https://www.uwyo.edu/uw/degree-programs/index.html,Elementary Education and Special Education,Bachelor of Arts (B.A.),"Laramie Campus, Online, Hybrid",https://www.uwyo.edu/uw/degree-programs/elementary-education-special-education-bachelors.html
University of Wyoming,https://www.uwyo.edu/uw/degree-programs/index.html,Energy and Petroleum Engineering,Master of Engineering (M.Eng.),"Laramie Campus, Online, Hybrid",https://www.uwyo.edu/uw/degree-programs/masters-energy-petroleum-engineering.html
University of Wyoming,https://www.uwyo.edu/uw/degree-programs/index.html,Energy Business,Graduate Certificate,Online,https://www.uwyo.edu/uw/degree-programs/energy-business-certificate.html
University of Wyoming,https://www.uwyo.edu/uw/degree-programs/index.html,Energy Resource Management and Development,Bachelor of Science (B.S.),Laramie Campus,https://www.uwyo.edu/uw/degree-programs/energy-resource-management.html
University of Wyoming,https://www.uwyo.edu/uw/degree-programs/index.html,English,Bachelor of Arts (B.A.),"Laramie Campus, UW Casper",https://www.uwyo.edu/uw/degree-programs/english-ba.html
University of Wyoming,https://www.uwyo.edu/uw/degree-programs/index.html,English,Master of Arts (M.A.),"Laramie Campus, Online, Hybrid",https://www.uwyo.edu/uw/degree-programs/english-masters.html
University of Wyoming,https://www.uwyo.edu/uw/degree-programs/index.html,English,Doctor of Philosophy (Ph.D.),Laramie Campus,https://www.uwyo.edu/uw/degree-programs/english-phd.html
University of Wyoming,https://www.uwyo.edu/uw/degree-programs/index.html,English as a Second Language,Graduate Certificate,"Laramie Campus, Online, Hybrid",https://www.uwyo.edu/uw/degree-programs/english-second-language-certificate.html
University of Wyoming,https://www.uwyo.edu/uw/degree-programs/index.html,English as a Second Language,Undergraduate Minor,"Laramie Campus, Online, Hybrid",https://www.uwyo.edu/uw/degree-programs/esl-minor.html
University of Wyoming,https://www.uwyo.edu/uw/degree-programs/index.html,Entomology,Master of Science (M.S.),Laramie Campus,https://www.uwyo.edu/uw/degree-programs/entomology-ms-phd.html
University of Wyoming,https://www.uwyo.edu/uw/degree-programs/index.html,Entrepreneurship,Focus Area,Laramie Campus,https://www.uwyo.edu/uw/degree-programs/entrepreneurship-bachelors.html
University of Wyoming,https://www.uwyo.edu/uw/degree-programs/index.html,Entrepreneurship,Undergraduate Minor,Laramie Campus,https://www.uwyo.edu/uw/degree-programs/entrepreneurship-minor.html
University of Wyoming,https://www.uwyo.edu/uw/degree-programs/index.html,Environment and Natural Resources,Concurrent Major,Laramie Campus,https://www.uwyo.edu/uw/degree-programs/environment-natural-resources-bachelors.html
University of Wyoming,https://www.uwyo.edu/uw/degree-programs/index.html,Environment and Natural Resources,Concurrent Major,Laramie Campus,https://www.uwyo.edu/uw/degree-programs/environment-natural-resources-graduate-major.html
University of Wyoming,https://www.uwyo.edu/uw/degree-programs/index.html,Environment and Natural Resources,Graduate Minor,Laramie Campus,https://www.uwyo.edu/uw/degree-programs/environment-natural-resources-graduate-minor.html
University of Wyoming,https://www.uwyo.edu/uw/degree-programs/index.html,Environment and Natural Resources,Undergraduate Minor,Laramie Campus,https://www.uwyo.edu/uw/degree-programs/environmental-studies-minor.html
University of Wyoming,https://www.uwyo.edu/uw/degree-programs/index.html,"Environment, Natural Resources and Society",Master of Science (M.S.),Laramie Campus,https://www.uwyo.edu/uw/degree-programs/environment-natural-resources-society-masters.html
University of Wyoming,https://www.uwyo.edu/uw/degree-programs/index.html,Environmental Engineering,Master of Science (M.S.),Laramie Campus,https://www.uwyo.edu/uw/degree-programs/environmental-engineering-masters.html
University of Wyoming,https://www.uwyo.edu/uw/degree-programs/index.html,Environmental Geology and Geohydrology,Bachelor of Science (B.S.),Laramie Campus,https://www.uwyo.edu/uw/degree-programs/environmental-geology-geohydrology-bs.html
University of Wyoming,https://www.uwyo.edu/uw/degree-programs/index.html,Environmental Systems Science,Bachelor of Science (B.S.),Laramie Campus,https://www.uwyo.edu/uw/degree-programs/environmental-systems-science-bachelors.html
University of Wyoming,https://www.uwyo.edu/uw/degree-programs/index.html,Environmental Values,Undergraduate Minor,Laramie Campus,https://www.uwyo.edu/uw/degree-programs/environmental-values-minor.html
University of Wyoming,https://www.uwyo.edu/uw/degree-programs/index.html,Equine Science,Undergraduate Minor,Laramie Campus,https://www.uwyo.edu/uw/degree-programs/equine-science-minor.html
University of Wyoming,https://www.uwyo.edu/uw/degree-programs/index.html,Ethics,Undergraduate Minor,Laramie Campus,https://www.uwyo.edu/uw/degree-programs/ethics-minor.html
University of Wyoming,https://www.uwyo.edu/uw/degree-programs/index.html,"European Languages, Literature and Film Studies",Bachelor of Arts (B.A.),"Laramie Campus, Online, Hybrid",https://www.uwyo.edu/uw/degree-programs/european-studies-bachelors.html
University of Wyoming,https://www.uwyo.edu/uw/degree-programs/index.html,European Studies,Undergraduate Minor,Laramie Campus,https://www.uwyo.edu/uw/degree-programs/european-studies-minor.html
University of Wyoming,https://www.uwyo.edu/uw/degree-programs/index.html,Exploratory Studies,Bachelor of Arts (B.A.),Laramie Campus,https://www.uwyo.edu/uw/degree-programs/exploratory-studies.html
University of Wyoming,https://www.uwyo.edu/uw/degree-programs/index.html,Family and Consumer Sciences,Master of Science (M.S.),"Laramie Campus, Online, Hybrid",https://www.uwyo.edu/uw/degree-programs/family-consumer-sciences-ms.html
University of Wyoming,https://www.uwyo.edu/uw/degree-programs/index.html,Farm and Ranch Management,Undergraduate Minor,Laramie Campus,https://www.uwyo.edu/uw/degree-programs/farm-management-minor.html
University of Wyoming,https://www.uwyo.edu/uw/degree-programs/index.html,Finance,Bachelor of Science in Business (B.S.B.),Laramie Campus,https://www.uwyo.edu/uw/degree-programs/finance-bachelors.html
University of Wyoming,https://www.uwyo.edu/uw/degree-programs/index.html,Finance,Master of Science (M.S.),Online,https://www.uwyo.edu/uw/degree-programs/finance-ms.html
University of Wyoming,https://www.uwyo.edu/uw/degree-programs/index.html,Food Science and Human Nutrition,Master of Science (M.S.),Laramie Campus,https://www.uwyo.edu/uw/degree-programs/food-science-human-nutrition-ms.html
University of Wyoming,https://www.uwyo.edu/uw/degree-programs/index.html,Forest Resources,Undergraduate Minor,Laramie Campus,https://www.uwyo.edu/uw/degree-programs/forest-resources-minor.html
University of Wyoming,https://www.uwyo.edu/uw/degree-programs/index.html,French,Undergraduate Minor,Laramie Campus,https://www.uwyo.edu/uw/degree-programs/french-minor.html
University of Wyoming,https://www.uwyo.edu/uw/degree-programs/index.html,Gender and Womenâ€™s Studies,Undergraduate Minor,Laramie Campus,https://www.uwyo.edu/uw/degree-programs/womens-gender-studies-minor.html
University of Wyoming,https://www.uwyo.edu/uw/degree-programs/index.html,Geographic Information Systems,Graduate Certificate,Online,https://www.uwyo.edu/uw/degree-programs/geographic-information-systems-certificate.html
University of Wyoming,https://www.uwyo.edu/uw/degree-programs/index.html,Geographic Information Systems (GIS),Undergraduate Certificate,Laramie Campus,https://www.uwyo.edu/uw/degree-programs/gis-certificate.html
University of Wyoming,https://www.uwyo.edu/uw/degree-programs/index.html,Geography,Bachelor of Science (B.S.),Laramie Campus,https://www.uwyo.edu/uw/degree-programs/geography-bachelors.html
University of Wyoming,https://www.uwyo.edu/uw/degree-programs/index.html,Geology,Bachelor of Science (B.S.),Laramie Campus,https://www.uwyo.edu/uw/degree-programs/geology-bachelors.html
University of Wyoming,https://www.uwyo.edu/uw/degree-programs/index.html,Geology and Geophysics,Master of Science (M.S.),Laramie Campus,https://www.uwyo.edu/uw/degree-programs/geology-geophysics-masters-phd.html
University of Wyoming,https://www.uwyo.edu/uw/degree-programs/index.html,Geospatial Information Science and Technology,Bachelor of Science (B.S.),Laramie Campus,https://www.uwyo.edu/uw/degree-programs/geospatial-information-science-bachelors.html
University of Wyoming,https://www.uwyo.edu/uw/degree-programs/index.html,Geospatial Information Science and Technology with Thesis (Research M.S.),Master of Science (M.S.),Laramie Campus,https://www.uwyo.edu/uw/degree-programs/gist-ms-research.html
University of Wyoming,https://www.uwyo.edu/uw/degree-programs/index.html,Geospatial Information Science and Technology without Thesis (Professional M.S.),Master of Science (M.S.),Online,https://www.uwyo.edu/uw/degree-programs/gist-ms-professional.html
University of Wyoming,https://www.uwyo.edu/uw/degree-programs/index.html,German,Undergraduate Minor,Laramie Campus,https://www.uwyo.edu/uw/degree-programs/german.html
University of Wyoming,https://www.uwyo.edu/uw/degree-programs/index.html,Health Leadership,Undergraduate Certificate,"Online, UW Casper",https://www.uwyo.edu/uw/degree-programs/health-leadership-certificate-minor.html
University of Wyoming,https://www.uwyo.edu/uw/degree-programs/index.html,Health Services Administration,Master of Science (M.S.),Online,https://www.uwyo.edu/uw/degree-programs/health-services-administration-masters.html
University of Wyoming,https://www.uwyo.edu/uw/degree-programs/index.html,Health Services Administration Concentration,Bachelor of Applied Science (B.A.S.),"Online, UW Casper",https://www.uwyo.edu/uw/degree-programs/bas-hsa-concentration.html
University of Wyoming,https://www.uwyo.edu/uw/degree-programs/index.html,Higher Education Administration Concentration,Doctor of Education (Ed.D.),Online,https://www.uwyo.edu/uw/degree-programs/higher-education-administration-edd.html
University of Wyoming,https://www.uwyo.edu/uw/degree-programs/index.html,Higher Education Administration Concentration,Master of Arts (M.A.),Online,https://www.uwyo.edu/uw/degree-programs/higher-education-administration-masters.html
University of Wyoming,https://www.uwyo.edu/uw/degree-programs/index.html,History,Bachelor of Arts (B.A.),Laramie Campus,https://www.uwyo.edu/uw/degree-programs/history-bachelors.html
University of Wyoming,https://www.uwyo.edu/uw/degree-programs/index.html,History,Master of Arts (M.A.),Laramie Campus,https://www.uwyo.edu/uw/degree-programs/history-masters.html
University of Wyoming,https://www.uwyo.edu/uw/degree-programs/index.html,Honors,Undergraduate Minor,Laramie Campus,https://www.uwyo.edu/uw/degree-programs/honors.html
University of Wyoming,https://www.uwyo.edu/uw/degree-programs/index.html,Honors Interdisciplinary Inquiry,Concurrent Major,"Laramie Campus, Online, Hybrid",https://www.uwyo.edu/uw/degree-programs/honors-interdisciplinary-degree.html
University of Wyoming,https://www.uwyo.edu/uw/degree-programs/index.html,Horticulture,Undergraduate Minor,Laramie Campus,https://www.uwyo.edu/uw/degree-programs/horticulture-minor.html
University of Wyoming,https://www.uwyo.edu/uw/degree-programs/index.html,Hospitality Management,Undergraduate Minor,Laramie Campus,https://www.uwyo.edu/uw/degree-programs/hospitality-management-minor.html
University of Wyoming,https://www.uwyo.edu/uw/degree-programs/index.html,Human and Animal Physiology,Undergraduate Minor,Laramie Campus,https://www.uwyo.edu/uw/degree-programs/animal-human-physiology-minor.html
University of Wyoming,https://www.uwyo.edu/uw/degree-programs/index.html,Human Development and Family Science,Bachelor of Science (B.S.),Laramie Campus,https://www.uwyo.edu/uw/degree-programs/human-development-family-science-bachelors.html
University of Wyoming,https://www.uwyo.edu/uw/degree-programs/index.html,Human Nutrition and Food,Bachelor of Science (B.S.),Laramie Campus,https://www.uwyo.edu/uw/degree-programs/human-nutrition-bachelors.html
University of Wyoming,https://www.uwyo.edu/uw/degree-programs/index.html,Hydrologic Science,Doctor of Philosophy (Ph.D.),Laramie Campus,https://www.uwyo.edu/uw/degree-programs/hydrologic-science-phd.html
University of Wyoming,https://www.uwyo.edu/uw/degree-programs/index.html,Insect Biology,Undergraduate Minor,Laramie Campus,https://www.uwyo.edu/uw/degree-programs/insect-biology-entomology-minor.html
University of Wyoming,https://www.uwyo.edu/uw/degree-programs/index.html,Insect Biology/Entomology,Graduate Minor,Laramie Campus,https://www.uwyo.edu/uw/degree-programs/entomology-graduate-minor.html
University of Wyoming,https://www.uwyo.edu/uw/degree-programs/index.html,Intensive English Program,English as a Second Language (ESL),Laramie Campus,https://www.uwyo.edu/uw/degree-programs/intensive-english-program.html
University of Wyoming,https://www.uwyo.edu/uw/degree-programs/index.html,Interdisciplinary Computational Science,Undergraduate Minor,Laramie Campus,https://www.uwyo.edu/uw/degree-programs/computational-science-minor.html
University of Wyoming,https://www.uwyo.edu/uw/degree-programs/index.html,Interdisciplinary Pre-Law,Undergraduate Minor,Laramie Campus,https://www.uwyo.edu/uw/degree-programs/interdisciplinary-pre-law-minor.html
University of Wyoming,https://www.uwyo.edu/uw/degree-programs/index.html,Interior Design,Undergraduate Minor,Laramie Campus,https://www.uwyo.edu/uw/degree-programs/interior-design-minor.html
University of Wyoming,https://www.uwyo.edu/uw/degree-programs/index.html,International Agriculture,Undergraduate Minor,Laramie Campus,https://www.uwyo.edu/uw/degree-programs/international-agriculture-minor.html
University of Wyoming,https://www.uwyo.edu/uw/degree-programs/index.html,International Engineering,Undergraduate Minor,Laramie Campus,https://www.uwyo.edu/uw/degree-programs/international-engineering-minor.html
University of Wyoming,https://www.uwyo.edu/uw/degree-programs/index.html,International Relations and Comparative Politics,Undergraduate Minor,Laramie Campus,https://www.uwyo.edu/uw/degree-programs/international-relations-comparative-politics.html
University of Wyoming,https://www.uwyo.edu/uw/degree-programs/index.html,International Studies,Bachelor of Arts (B.A.),Laramie Campus,https://www.uwyo.edu/uw/degree-programs/international-studies-bachelors.html
University of Wyoming,https://www.uwyo.edu/uw/degree-programs/index.html,International Studies,Master of Arts (M.A.),Laramie Campus,https://www.uwyo.edu/uw/degree-programs/international-studies-ma.html
University of Wyoming,https://www.uwyo.edu/uw/degree-programs/index.html,Japanese,Undergraduate Minor,Online,https://www.uwyo.edu/uw/degree-programs/japanese-minor.html
University of Wyoming,https://www.uwyo.edu/uw/degree-programs/index.html,Journalism,Bachelor of Arts (B.A.),Laramie Campus,https://www.uwyo.edu/uw/degree-programs/journalism-bachelors.html
University of Wyoming,https://www.uwyo.edu/uw/degree-programs/index.html,Kinesiology and Health,Master of Science (M.S.),"Laramie Campus, Online",https://www.uwyo.edu/uw/degree-programs/kinesiology-health-promotion-ms.html
University of Wyoming,https://www.uwyo.edu/uw/degree-programs/index.html,Kinesiology and Health Promotion,Bachelor of Science (B.S.),Laramie Campus,https://www.uwyo.edu/uw/degree-programs/kinesiology-and-health-promotion-bs.html
University of Wyoming,https://www.uwyo.edu/uw/degree-programs/index.html,Land Administration,Undergraduate Certificate,"Laramie Campus, Online, Hybrid",https://www.uwyo.edu/uw/degree-programs/land-administration-certificate.html
University of Wyoming,https://www.uwyo.edu/uw/degree-programs/index.html,Latin,Undergraduate Minor,"Laramie Campus, Online, Hybrid",https://www.uwyo.edu/uw/degree-programs/latin-minor.html
University of Wyoming,https://www.uwyo.edu/uw/degree-programs/index.html,Latina/o Studies,Undergraduate Minor,"Laramie Campus, Online, Hybrid",https://www.uwyo.edu/uw/degree-programs/latin-american-studies-minor.html
University of Wyoming,https://www.uwyo.edu/uw/degree-programs/index.html,Law Degree,Juris Doctor (J.D.),Laramie Campus,https://www.uwyo.edu/uw/degree-programs/jd-law-degree.html
University of Wyoming,https://www.uwyo.edu/uw/degree-programs/index.html,Leadership,Undergraduate Minor,Laramie Campus,https://www.uwyo.edu/uw/degree-programs/leadership-minor.html
University of Wyoming,https://www.uwyo.edu/uw/degree-programs/index.html,"Learning, Design and Technology",Master of Science (M.S.),Online,https://www.uwyo.edu/uw/degree-programs/learning-design-technology-masters.html
University of Wyoming,https://www.uwyo.edu/uw/degree-programs/index.html,"Learning, Design and Technology Concentration",Doctor of Education (Ed.D.),Online,https://www.uwyo.edu/uw/degree-programs/learning-design-technology-edd.html
University of Wyoming,https://www.uwyo.edu/uw/degree-programs/index.html,Literacy,Graduate Certificate,Online,https://www.uwyo.edu/uw/degree-programs/literacy-endorsement-certificate.html
University of Wyoming,https://www.uwyo.edu/uw/degree-programs/index.html,Literary Studies,Undergraduate Minor,Laramie Campus,https://www.uwyo.edu/uw/degree-programs/literary-studies-minor.html
University of Wyoming,https://www.uwyo.edu/uw/degree-programs/index.html,M.B.A./M.S. in Engineering Dual Degree Program,Master of Science (M.S.),Laramie Campus,https://www.uwyo.edu/uw/degree-programs/mba-engineering-ms.html
University of Wyoming,https://www.uwyo.edu/uw/degree-programs/index.html,Management,Bachelor of Science in Business (B.S.B.),"Laramie Campus, Online, Hybrid",https://www.uwyo.edu/uw/degree-programs/management-bachelors.html
University of Wyoming,https://www.uwyo.edu/uw/degree-programs/index.html,Marketing,Bachelor of Science in Business (B.S.B.),"Laramie Campus, Online, Hybrid",https://www.uwyo.edu/uw/degree-programs/marketing-bachelors.html
University of Wyoming,https://www.uwyo.edu/uw/degree-programs/index.html,Marketing and Management,Doctor of Philosophy (Ph.D.),Laramie Campus,https://www.uwyo.edu/uw/degree-programs/phd-marketing-management.html
University of Wyoming,https://www.uwyo.edu/uw/degree-programs/index.html,Marketing Communication,Undergraduate Minor,Laramie Campus,https://www.uwyo.edu/uw/degree-programs/marketing-communication-minor.html
University of Wyoming,https://www.uwyo.edu/uw/degree-programs/index.html,Master of Business Administration (MBA),Master of Business Administration (M.B.A.),Laramie Campus,https://www.uwyo.edu/uw/degree-programs/master-of-business-administration.html
University of Wyoming,https://www.uwyo.edu/uw/degree-programs/index.html,Mathematics,Bachelor of Science (B.S.),Laramie Campus,https://www.uwyo.edu/uw/degree-programs/mathematics-bachelors.html
University of Wyoming,https://www.uwyo.edu/uw/degree-programs/index.html,Mathematics,Master of Arts (M.A.) & Master of Arts in Teaching (M.A.T.),Laramie Campus,https://www.uwyo.edu/uw/degree-programs/mathematics-graduate-programs.html
University of Wyoming,https://www.uwyo.edu/uw/degree-programs/index.html,Mechanical Engineering,Bachelor of Science (B.S.),Laramie Campus,https://www.uwyo.edu/uw/degree-programs/mechanical-engineering-bachelors.html
University of Wyoming,https://www.uwyo.edu/uw/degree-programs/index.html,Mechanical Engineering,Master of Science (M.S.),Laramie Campus,https://www.uwyo.edu/uw/degree-programs/mechanical-engineering-masters.html
University of Wyoming,https://www.uwyo.edu/uw/degree-programs/index.html,Mechanical Engineering,Doctor of Philosophy (Ph.D.),Laramie Campus,https://www.uwyo.edu/uw/degree-programs/mechanical-engineering-phd.html
University of Wyoming,https://www.uwyo.edu/uw/degree-programs/index.html,Medical Laboratory Science,Bachelor of Science (B.S.),"Online, Hybrid, UW Casper",https://www.uwyo.edu/uw/degree-programs/medical-laboratory-sciences-bs.html
University of Wyoming,https://www.uwyo.edu/uw/degree-programs/index.html,Metalsmithing,Undergraduate Minor,Laramie Campus,https://www.uwyo.edu/uw/degree-programs/metalsmithing-minor.html
University of Wyoming,https://www.uwyo.edu/uw/degree-programs/index.html,Microbiology,Bachelor of Science (B.S.),Laramie Campus,https://www.uwyo.edu/uw/degree-programs/microbiology-bachelors.html
University of Wyoming,https://www.uwyo.edu/uw/degree-programs/index.html,Middle East/North Africa,Undergraduate Minor,Laramie Campus,https://www.uwyo.edu/uw/degree-programs/middle-east-studies-minor.html
University of Wyoming,https://www.uwyo.edu/uw/degree-programs/index.html,Molecular and Cellular Life Sciences,Doctor of Philosophy (Ph.D.),Laramie Campus,https://www.uwyo.edu/uw/degree-programs/molecular-cellular-life-sciences-phd.html
University of Wyoming,https://www.uwyo.edu/uw/degree-programs/index.html,Molecular Biology,Master of Science (M.S.),Laramie Campus,https://www.uwyo.edu/uw/degree-programs/molecular-biology-graduate-programs.html
University of Wyoming,https://www.uwyo.edu/uw/degree-programs/index.html,Molecular Biology B.S.,Bachelor of Science (B.S.),Laramie Campus,https://www.uwyo.edu/uw/degree-programs/molecular-biology-bachelors.html
University of Wyoming,https://www.uwyo.edu/uw/degree-programs/index.html,Museum Studies,Undergraduate Minor,Laramie Campus,https://www.uwyo.edu/uw/degree-programs/museum-studies-minor.html
University of Wyoming,https://www.uwyo.edu/uw/degree-programs/index.html,Music,Bachelor of Arts (B.A.),Laramie Campus,https://www.uwyo.edu/uw/degree-programs/music-ba.html
University of Wyoming,https://www.uwyo.edu/uw/degree-programs/index.html,Music Education,Bachelor of Music (B.M.),Laramie Campus,https://www.uwyo.edu/uw/degree-programs/music-education-bm.html
University of Wyoming,https://www.uwyo.edu/uw/degree-programs/index.html,Music Education,Master of Music (M.M.),Laramie Campus,https://www.uwyo.edu/uw/degree-programs/music-education-mme.html
University of Wyoming,https://www.uwyo.edu/uw/degree-programs/index.html,Music Industry Studies,Bachelor of Arts (B.A.),Laramie Campus,https://www.uwyo.edu/uw/degree-programs/music-industry-bachelors.html
University of Wyoming,https://www.uwyo.edu/uw/degree-programs/index.html,Music Performance,Bachelor of Music (B.M.),Laramie Campus,https://www.uwyo.edu/uw/degree-programs/music-performance-bm.html
University of Wyoming,https://www.uwyo.edu/uw/degree-programs/index.html,Music Performance,Master of Music (M.M.),Laramie Campus,https://www.uwyo.edu/uw/degree-programs/music-performance-masters.html
University of Wyoming,https://www.uwyo.edu/uw/degree-programs/index.html,Musical Theatre Performance,Undergraduate Minor,Laramie Campus,https://www.uwyo.edu/uw/degree-programs/musical-theatre-minor.html
University of Wyoming,https://www.uwyo.edu/uw/degree-programs/index.html,Native American and Indigenous Studies,Bachelor of Arts (B.A.),Laramie Campus,https://www.uwyo.edu/uw/degree-programs/native-american-indigenous-studies-bachelors.html
University of Wyoming,https://www.uwyo.edu/uw/degree-programs/index.html,Native American and Indigenous Studies,Undergraduate Minor,Laramie Campus,https://www.uwyo.edu/uw/degree-programs/native-american-studies-minor.html
University of Wyoming,https://www.uwyo.edu/uw/degree-programs/index.html,Natural Resource Economics,Undergraduate Minor,Laramie Campus,https://www.uwyo.edu/uw/degree-programs/natural-resource-economics-minor.html
University of Wyoming,https://www.uwyo.edu/uw/degree-programs/index.html,Natural Science (Middle-Level Math MMA),Master of Science (M.S.),Hybrid,https://www.uwyo.edu/uw/degree-programs/masters-math-education.html
University of Wyoming,https://www.uwyo.edu/uw/degree-programs/index.html,Natural Science (Middle-Level Science MSC),Master of Science (M.S.),Hybrid,https://www.uwyo.edu/uw/degree-programs/masters-science-education.html
University of Wyoming,https://www.uwyo.edu/uw/degree-programs/index.html,Neuroscience,Undergraduate Minor,Laramie Campus,https://www.uwyo.edu/uw/degree-programs/neuroscience-minor.html
University of Wyoming,https://www.uwyo.edu/uw/degree-programs/index.html,Neuroscience,Doctor of Philosophy (Ph.D.),Laramie Campus,https://www.uwyo.edu/uw/degree-programs/neuroscience-phd.html
University of Wyoming,https://www.uwyo.edu/uw/degree-programs/index.html,Nuclear Energy Science,Undergraduate Certificate,Laramie Campus,https://www.uwyo.edu/uw/degree-programs/nuclear-energy-certificate.html
University of Wyoming,https://www.uwyo.edu/uw/degree-programs/index.html,Nursing,Doctor of Nursing Practice (D.N.P.),"Laramie Campus, Online, Hybrid",https://www.uwyo.edu/uw/degree-programs/nursing-dnp.html
University of Wyoming,https://www.uwyo.edu/uw/degree-programs/index.html,Nursing,Master of Science (M.S.),Online,https://www.uwyo.edu/uw/degree-programs/nursing-masters.html
University of Wyoming,https://www.uwyo.edu/uw/degree-programs/index.html,Online Instruction,Graduate Certificate,Online,https://www.uwyo.edu/uw/degree-programs/online-instruction-certificate.html
University of Wyoming,https://www.uwyo.edu/uw/degree-programs/index.html,Online Master of Business Administration (MBA),Master of Business Administration (M.B.A.),Online,https://www.uwyo.edu/uw/degree-programs/mba-online.html
University of Wyoming,https://www.uwyo.edu/uw/degree-programs/index.html,Organizational Leadership,Bachelor of Applied Science (B.A.S.),"Online, UW Casper",https://www.uwyo.edu/uw/degree-programs/organizational-leadership-bas.html
University of Wyoming,https://www.uwyo.edu/uw/degree-programs/index.html,Organizational Leadership,Undergraduate Certificate,Online,https://www.uwyo.edu/uw/degree-programs/organizational-leadership-certificate-minor.html
University of Wyoming,https://www.uwyo.edu/uw/degree-programs/index.html,Outdoor Leadership,Undergraduate Minor,Laramie Campus,https://www.uwyo.edu/uw/degree-programs/outdoor-leadership-minor.html
University of Wyoming,https://www.uwyo.edu/uw/degree-programs/index.html,Outdoor Recreation and Tourism Management,Bachelor of Science (B.S.),Laramie Campus,https://www.uwyo.edu/uw/degree-programs/outdoor-rec-tourism-management-bachelors.html
University of Wyoming,https://www.uwyo.edu/uw/degree-programs/index.html,Painting,Undergraduate Minor,Laramie Campus,https://www.uwyo.edu/uw/degree-programs/painting-minor.html
University of Wyoming,https://www.uwyo.edu/uw/degree-programs/index.html,Petroleum Engineering,Bachelor of Science (B.S.),Laramie Campus,https://www.uwyo.edu/uw/degree-programs/petroleum-engineering-bachelors.html
University of Wyoming,https://www.uwyo.edu/uw/degree-programs/index.html,Petroleum Engineering,Master of Science (M.S.),Laramie Campus,https://www.uwyo.edu/uw/degree-programs/petroleum-engineering-masters.html
University of Wyoming,https://www.uwyo.edu/uw/degree-programs/index.html,Petroleum Engineering,Doctor of Philosophy (Ph.D.),Laramie Campus,https://www.uwyo.edu/uw/degree-programs/petroleum-engineering-phd.html
University of Wyoming,https://www.uwyo.edu/uw/degree-programs/index.html,Pharm.D./M.B.A. Dual Degree Program,Master of Business Administration (M.B.A.),Laramie Campus,https://www.uwyo.edu/uw/degree-programs/pharmd-mba.html
University of Wyoming,https://www.uwyo.edu/uw/degree-programs/index.html,Philosophy,Bachelor of Arts (B.A.),Laramie Campus,https://www.uwyo.edu/uw/degree-programs/philosophy-bachelors.html
University of Wyoming,https://www.uwyo.edu/uw/degree-programs/index.html,Photography,Undergraduate Minor,Laramie Campus,https://www.uwyo.edu/uw/degree-programs/photography-minor.html
University of Wyoming,https://www.uwyo.edu/uw/degree-programs/index.html,Physical Education Teacher Education K-12 (PETE),Bachelor of Science (B.S.),Laramie Campus,https://www.uwyo.edu/uw/degree-programs/physical-education-bachelors.html
University of Wyoming,https://www.uwyo.edu/uw/degree-programs/index.html,Physics,Bachelor of Arts (B.A.),Laramie Campus,https://www.uwyo.edu/uw/degree-programs/physics-bachelors.html
University of Wyoming,https://www.uwyo.edu/uw/degree-programs/index.html,Physics,Master of Science (M.S.),Laramie Campus,https://www.uwyo.edu/uw/degree-programs/physics-masters.html
University of Wyoming,https://www.uwyo.edu/uw/degree-programs/index.html,Physics,Doctor of Philosophy (Ph.D.),Laramie Campus,https://www.uwyo.edu/uw/degree-programs/physics-phd.html
University of Wyoming,https://www.uwyo.edu/uw/degree-programs/index.html,Physiology,Bachelor of Science (B.S.),Laramie Campus,https://www.uwyo.edu/uw/degree-programs/physiology-bs.html
University of Wyoming,https://www.uwyo.edu/uw/degree-programs/index.html,Plant Production and Protection,Bachelor of Science (B.S.),Laramie Campus,https://www.uwyo.edu/uw/degree-programs/plant-production-protection-bs.html
University of Wyoming,https://www.uwyo.edu/uw/degree-programs/index.html,Plant Protection,Undergraduate Minor,Laramie Campus,https://www.uwyo.edu/uw/degree-programs/plant-protection-minor.html
University of Wyoming,https://www.uwyo.edu/uw/degree-programs/index.html,Plant Sciences,Master of Science (M.S.),Laramie Campus,https://www.uwyo.edu/uw/degree-programs/plant-sciences-ms-phd.html
University of Wyoming,https://www.uwyo.edu/uw/degree-programs/index.html,Play Therapy,Graduate Certificate,Online,https://www.uwyo.edu/uw/degree-programs/play-therapy-certificate.html
University of Wyoming,https://www.uwyo.edu/uw/degree-programs/index.html,Political Science,Bachelor of Arts (B.A.),Laramie Campus,https://www.uwyo.edu/uw/degree-programs/political-science-bachelors.html
University of Wyoming,https://www.uwyo.edu/uw/degree-programs/index.html,Political Science,Master of Arts (M.A.),Laramie Campus,https://www.uwyo.edu/uw/degree-programs/political-science-ma.html
University of Wyoming,https://www.uwyo.edu/uw/degree-programs/index.html,Political Theory,Undergraduate Minor,Laramie Campus,https://www.uwyo.edu/uw/degree-programs/political-theory-minor.html
University of Wyoming,https://www.uwyo.edu/uw/degree-programs/index.html,Preprofessional Pharmacy Program,Pre-Pharmacy Program (P.P.C.Y.),Laramie Campus,https://www.uwyo.edu/uw/degree-programs/pre-pharmacy-program.html
University of Wyoming,https://www.uwyo.edu/uw/degree-programs/index.html,Printmaking,Undergraduate Minor,Laramie Campus,https://www.uwyo.edu/uw/degree-programs/printmaking-minor.html
University of Wyoming,https://www.uwyo.edu/uw/degree-programs/index.html,Process Control,Undergraduate Minor,Laramie Campus,https://www.uwyo.edu/uw/degree-programs/process-control-instrumentation-minor.html
University of Wyoming,https://www.uwyo.edu/uw/degree-programs/index.html,Professional Selling,Focus Area,Laramie Campus,https://www.uwyo.edu/uw/degree-programs/professional-sales-bachelors.html
University of Wyoming,https://www.uwyo.edu/uw/degree-programs/index.html,Professional Selling,Undergraduate Minor,Laramie Campus,https://www.uwyo.edu/uw/degree-programs/professional-selling-minor.html
University of Wyoming,https://www.uwyo.edu/uw/degree-programs/index.html,Professional Writing,Undergraduate Minor,Laramie Campus,https://www.uwyo.edu/uw/degree-programs/professional-writing-minor.html
University of Wyoming,https://www.uwyo.edu/uw/degree-programs/index.html,Psychology,Doctor of Philosophy (Ph.D.),Laramie Campus,https://www.uwyo.edu/uw/degree-programs/doctorate-in-psychology.html
University of Wyoming,https://www.uwyo.edu/uw/degree-programs/index.html,Psychology,Bachelor of Science (B.S.),"Laramie Campus, Online, Hybrid, UW Casper",https://www.uwyo.edu/uw/degree-programs/psychology-bachelors.html
University of Wyoming,https://www.uwyo.edu/uw/degree-programs/index.html,Public Administration,Master of Public Administration (M.P.A.),Online,https://www.uwyo.edu/uw/degree-programs/master-of-public-administration.html
University of Wyoming,https://www.uwyo.edu/uw/degree-programs/index.html,Public Law,Undergraduate Minor,Laramie Campus,https://www.uwyo.edu/uw/degree-programs/public-law-minor.html
University of Wyoming,https://www.uwyo.edu/uw/degree-programs/index.html,Public Relations,Undergraduate Minor,Laramie Campus,https://www.uwyo.edu/uw/degree-programs/public-relations-minor.html
University of Wyoming,https://www.uwyo.edu/uw/degree-programs/index.html,Qualitative Research Methods,Graduate Minor,Laramie Campus,https://www.uwyo.edu/uw/degree-programs/qualitative-research-methods-minor.html
University of Wyoming,https://www.uwyo.edu/uw/degree-programs/index.html,Quantitative Research Methods,Graduate Minor,Laramie Campus,https://www.uwyo.edu/uw/degree-programs/quantitative-research-methods-minor.html
University of Wyoming,https://www.uwyo.edu/uw/degree-programs/index.html,Quantum Information Science and Engineering,Master of Science (M.S.),Laramie Campus,https://www.uwyo.edu/uw/degree-programs/ms-quantum-engineering.html
University of Wyoming,https://www.uwyo.edu/uw/degree-programs/index.html,Quantum Information Science and Engineering,Undergraduate Minor,Laramie Campus,https://www.uwyo.edu/uw/degree-programs/quantum-information-science-engineering-minor.html
University of Wyoming,https://www.uwyo.edu/uw/degree-programs/index.html,Queer Studies,Undergraduate Minor,Laramie Campus,https://www.uwyo.edu/uw/degree-programs/queer-studies.html
University of Wyoming,https://www.uwyo.edu/uw/degree-programs/index.html,Quickstart Accelerated Energy Resource Management and Development,Bachelor of Science (B.S.),Laramie Campus,https://www.uwyo.edu/uw/degree-programs/quickstart-energy-resource-management-jd.html
University of Wyoming,https://www.uwyo.edu/uw/degree-programs/index.html,QuickStart B.S./M.S. in Chemical Engineering,Bachelor of Science (B.S.),Laramie Campus,https://www.uwyo.edu/uw/degree-programs/chemical-engineering-quickstart.html
University of Wyoming,https://www.uwyo.edu/uw/degree-programs/index.html,QuickStart B.S./M.S. in Electrical and Computer Engineering,Bachelor of Science (B.S.),Laramie Campus,https://www.uwyo.edu/uw/degree-programs/computer-electrical-engineering-quickstart.html
University of Wyoming,https://www.uwyo.edu/uw/degree-programs/index.html,Quickstart B.S./M.S. in Mathematics,Bachelor of Science (B.S.),Laramie Campus,https://www.uwyo.edu/uw/degree-programs/mathematics-quickstart.html
University of Wyoming,https://www.uwyo.edu/uw/degree-programs/index.html,Quickstart B.S./M.S. in Petroleum Engineering,Bachelor of Science (B.S.),Laramie Campus,https://www.uwyo.edu/uw/degree-programs/petroleum-engineering-quickstart.html
University of Wyoming,https://www.uwyo.edu/uw/degree-programs/index.html,QuickStart B.S./M.S. in Plant Sciences,Bachelor of Science (B.S.),"Laramie Campus, Hybrid",https://www.uwyo.edu/uw/degree-programs/plant-science-quickstart.html
University of Wyoming,https://www.uwyo.edu/uw/degree-programs/index.html,Quickstart B.S./M.S. in Statistics,Bachelor of Science (B.S.),Laramie Campus,https://www.uwyo.edu/uw/degree-programs/statistics-quickstart.html
University of Wyoming,https://www.uwyo.edu/uw/degree-programs/index.html,Ranch Management and Agricultural Leadership,Bachelor of Science (B.S.),Laramie Campus,https://www.uwyo.edu/uw/degree-programs/ranch-management-ag-leadership-bachelors.html
University of Wyoming,https://www.uwyo.edu/uw/degree-programs/index.html,Rangeland Ecology and Watershed Management,Bachelor of Science (B.S.),Laramie Campus,https://www.uwyo.edu/uw/degree-programs/rangeland-ecology-bachelors.html
University of Wyoming,https://www.uwyo.edu/uw/degree-programs/index.html,Rangeland Ecology and Watershed Management,Master of Science (M.S.),Laramie Campus,https://www.uwyo.edu/uw/degree-programs/rangeland-ecology-watershed-management-ms-phd.html
University of Wyoming,https://www.uwyo.edu/uw/degree-programs/index.html,Real Estate,Undergraduate Minor,Laramie Campus,https://www.uwyo.edu/uw/degree-programs/real-estate-minor.html
University of Wyoming,https://www.uwyo.edu/uw/degree-programs/index.html,Reclamation and Restoration Ecology,Undergraduate Minor,Laramie Campus,https://www.uwyo.edu/uw/degree-programs/restoration-ecology-minor.html
University of Wyoming,https://www.uwyo.edu/uw/degree-programs/index.html,Reclamation/Restoration Ecology,Graduate Certificate,Laramie Campus,https://www.uwyo.edu/uw/degree-programs/reclamation-restoration-ecology-certificate.html
University of Wyoming,https://www.uwyo.edu/uw/degree-programs/index.html,Religious Studies,Bachelor of Arts (B.A.),Laramie Campus,https://www.uwyo.edu/uw/degree-programs/religious-studies-bachelors.html
University of Wyoming,https://www.uwyo.edu/uw/degree-programs/index.html,Remote Sensing,Graduate Certificate,Online,https://www.uwyo.edu/uw/degree-programs/remote-sensing-certificate.html
University of Wyoming,https://www.uwyo.edu/uw/degree-programs/index.html,Remote Sensing,Undergraduate Certificate,Laramie Campus,https://www.uwyo.edu/uw/degree-programs/remote-sensing-undergraduate-certificate.html
University of Wyoming,https://www.uwyo.edu/uw/degree-programs/index.html,School District Superintendent,Graduate Certificate,Online,https://www.uwyo.edu/uw/degree-programs/school-district-superintendent-certificate.html
University of Wyoming,https://www.uwyo.edu/uw/degree-programs/index.html,School Health Education K-12,Endorsement,Online,https://www.uwyo.edu/uw/degree-programs/health-educator-certification.html
University of Wyoming,https://www.uwyo.edu/uw/degree-programs/index.html,School Principal,Graduate Certificate,Online,https://www.uwyo.edu/uw/degree-programs/school-principal-certificate.html
University of Wyoming,https://www.uwyo.edu/uw/degree-programs/index.html,Sculpture Minor,Undergraduate Minor,Laramie Campus,https://www.uwyo.edu/uw/degree-programs/sculpture-minor.html
University of Wyoming,https://www.uwyo.edu/uw/degree-programs/index.html,Secondary Education,Bachelor of Arts (B.A.),"Laramie Campus, Online, Hybrid, UW Casper",https://www.uwyo.edu/uw/degree-programs/secondary-education-bachelors.html
University of Wyoming,https://www.uwyo.edu/uw/degree-programs/index.html,Social Work,Bachelor of Social Work (B.S.W.),"Laramie Campus, UW Casper",https://www.uwyo.edu/uw/degree-programs/social-work-bsw.html
University of Wyoming,https://www.uwyo.edu/uw/degree-programs/index.html,Social Work,Master of Social Work (M.S.W.),"Laramie Campus, UW Casper",https://www.uwyo.edu/uw/degree-programs/social-work-ms.html
University of Wyoming,https://www.uwyo.edu/uw/degree-programs/index.html,Sociology,Bachelor of Arts (B.A.),"Laramie Campus, Online, Hybrid",https://www.uwyo.edu/uw/degree-programs/sociology-bachelors.html
University of Wyoming,https://www.uwyo.edu/uw/degree-programs/index.html,Soil Science,Master of Science (M.S.),Laramie Campus,https://www.uwyo.edu/uw/degree-programs/soil-science-masters-phd.html
University of Wyoming,https://www.uwyo.edu/uw/degree-programs/index.html,Soil Science,Undergraduate Minor,Laramie Campus,https://www.uwyo.edu/uw/degree-programs/soil-science-minor.html
University of Wyoming,https://www.uwyo.edu/uw/degree-programs/index.html,Spanish,Bachelor of Arts (B.A.),"Laramie Campus, Online, Hybrid",https://www.uwyo.edu/uw/degree-programs/spanish-ba.html
University of Wyoming,https://www.uwyo.edu/uw/degree-programs/index.html,Spanish,Master of Arts (M.A.),"Laramie Campus, Online, Hybrid",https://www.uwyo.edu/uw/degree-programs/spanish-ma.html
University of Wyoming,https://www.uwyo.edu/uw/degree-programs/index.html,Special Education Concentration,Master of Arts (M.A.),Online,https://www.uwyo.edu/uw/degree-programs/special-education-masters.html
University of Wyoming,https://www.uwyo.edu/uw/degree-programs/index.html,Speech Language Pathology,Master of Science (M.S.),Laramie Campus,https://www.uwyo.edu/uw/degree-programs/speech-language-pathology-masters.html
University of Wyoming,https://www.uwyo.edu/uw/degree-programs/index.html,"Speech, Language and Hearing Science",Bachelor of Science (B.S.),Laramie Campus,https://www.uwyo.edu/uw/degree-programs/speech-language-hearing-science-bs.html
University of Wyoming,https://www.uwyo.edu/uw/degree-programs/index.html,Statistics,Bachelor of Science (B.S.),Laramie Campus,https://www.uwyo.edu/uw/degree-programs/statistics-bachelors.html
University of Wyoming,https://www.uwyo.edu/uw/degree-programs/index.html,Statistics,Undergraduate Minor,Laramie Campus,https://www.uwyo.edu/uw/degree-programs/statistics-minor.html
University of Wyoming,https://www.uwyo.edu/uw/degree-programs/index.html,Statistics,Master of Science (M.S.),Laramie Campus,https://www.uwyo.edu/uw/degree-programs/statistics-ms.html
University of Wyoming,https://www.uwyo.edu/uw/degree-programs/index.html,Studio Art B.F.A.,Bachelor of Fine Arts (B.F.A.),Laramie Campus,https://www.uwyo.edu/uw/degree-programs/studio-art-bfa.html
University of Wyoming,https://www.uwyo.edu/uw/degree-programs/index.html,Studio Art Track,Bachelor of Arts (B.A.),Laramie Campus,https://www.uwyo.edu/uw/degree-programs/studio-art-ba.html
University of Wyoming,https://www.uwyo.edu/uw/degree-programs/index.html,Supply Chain Management,Focus Area,"Laramie Campus, Online, Hybrid",https://www.uwyo.edu/uw/degree-programs/supply-chain-management-degree.html
University of Wyoming,https://www.uwyo.edu/uw/degree-programs/index.html,Sustainability,Undergraduate Minor,Laramie Campus,https://www.uwyo.edu/uw/degree-programs/sustainability-minor.html
University of Wyoming,https://www.uwyo.edu/uw/degree-programs/index.html,Teachers of American Indian Children (TAIC),Endorsement,Online,https://www.uwyo.edu/uw/degree-programs/native-american-education-certificate.html
University of Wyoming,https://www.uwyo.edu/uw/degree-programs/index.html,Teaching Elementary School,Graduate Certificate,Laramie Campus,https://www.uwyo.edu/uw/degree-programs/teaching-elementary-school.html
University of Wyoming,https://www.uwyo.edu/uw/degree-programs/index.html,Teaching Secondary Content,Graduate Certificate,Laramie Campus,https://www.uwyo.edu/uw/degree-programs/teaching-secondary-content-certificate.html
University of Wyoming,https://www.uwyo.edu/uw/degree-programs/index.html,Theatre,Undergraduate Minor,Laramie Campus,https://www.uwyo.edu/uw/degree-programs/theatre-minor.html
University of Wyoming,https://www.uwyo.edu/uw/degree-programs/index.html,Theatre and Dance,Bachelor of Arts (B.A.),Laramie Campus,https://www.uwyo.edu/uw/degree-programs/theatre-dance-ba.html
University of Wyoming,https://www.uwyo.edu/uw/degree-programs/index.html,Theatre and Dance,Bachelor of Fine Arts (B.F.A.),Laramie Campus,https://www.uwyo.edu/uw/degree-programs/theatre-dance-bfa.html
University of Wyoming,https://www.uwyo.edu/uw/degree-programs/index.html,Theatre Dramaturgy,Undergraduate Minor,Laramie Campus,https://www.uwyo.edu/uw/degree-programs/dramaturgy-minor.html
University of Wyoming,https://www.uwyo.edu/uw/degree-programs/index.html,Theatre for Young Audiences,Undergraduate Minor,Laramie Campus,https://www.uwyo.edu/uw/degree-programs/educational-theatre-minor.html
University of Wyoming,https://www.uwyo.edu/uw/degree-programs/index.html,Uncrewed Aerial Systems,Graduate Certificate,Online,https://www.uwyo.edu/uw/degree-programs/unmanned-aerial-systems-certificate.html
University of Wyoming,https://www.uwyo.edu/uw/degree-programs/index.html,Visual Communication Design,Bachelor of Fine Arts (B.F.A.),Laramie Campus,https://www.uwyo.edu/uw/degree-programs/visual-communication-design-bfa.html
University of Wyoming,https://www.uwyo.edu/uw/degree-programs/index.html,Water Resources,Master of Science (M.S.),Laramie Campus,https://www.uwyo.edu/uw/degree-programs/water-resources-masters.html
University of Wyoming,https://www.uwyo.edu/uw/degree-programs/index.html,Wildlife and Fisheries Biology and Management,Bachelor of Science (B.S.),Laramie Campus,https://www.uwyo.edu/uw/degree-programs/wildlife-fisheries-biology-management.html
University of Wyoming,https://www.uwyo.edu/uw/degree-programs/index.html,WWAMI Medical Education,Doctor of Medicine (M.D.),Laramie Campus,https://www.uwyo.edu/uw/degree-programs/wwami-wyoming-medical-school.html
University of Wyoming,https://www.uwyo.edu/uw/degree-programs/index.html,Zoology,Bachelor of Science (B.S.),"Laramie Campus, UW Casper",https://www.uwyo.edu/uw/degree-programs/zoology-bachelors.html
University of Wyoming,https://www.uwyo.edu/uw/degree-programs/index.html,Zoology and Physiology,Master of Science (M.S.),Laramie Campus,https://www.uwyo.edu/uw/degree-programs/zoology-physiology-ms-phd.html
