college_name,program_name,degree,program_link
"College of Arts, Humanities, and Social Sciences",Ancient and Medieval Studies (Minor),Minor,https://catalog.uah.edu/#/programs/HyMHdbBH1h?bc=true&bcCurrent=Ancient%20and%20Medieval%20Studies%20(Minor)&bcGroup=College%20of%20Arts%2C%20Humanities%2C%20and%20Social%20Sciences&bcItemType=programs
"College of Arts, Humanities, and Social Sciences",Art (BA),BA,https://catalog.uah.edu/#/programs/ry1zZBS1n?bc=true&bcCurrent=Art%20(BA)&bcGroup=College%20of%20Arts%2C%20Humanities%2C%20and%20Social%20Sciences&bcItemType=programs
"College of Arts, Humanities, and Social Sciences","Art Education, 5 Years (Concentration)",Concentration,https://catalog.uah.edu/#/programs/ry1zZBS1n?bc=true&bcCurrent=Art%20Education%2C%205%20Years%20(Concentration)&bcItemType=programs
"College of Arts, Humanities, and Social Sciences",Art History (Concentration),Concentration,https://catalog.uah.edu/#/programs/ry1zZBS1n?bc=true&bcCurrent=Art%20History%20(Concentration)&bcItemType=programs
"College of Arts, Humanities, and Social Sciences",Art Studio (Concentration),Concentration,https://catalog.uah.edu/#/programs/ry1zZBS1n?bc=true&bcCurrent=Art%20Studio%20(Concentration)&bcItemType=programs
"College of Arts, Humanities, and Social Sciences",Art (BFA),BFA,https://catalog.uah.edu/#/programs/Bkez-rryh?bc=true&bcCurrent=Art%20(BFA)&bcGroup=College%20of%20Arts%2C%20Humanities%2C%20and%20Social%20Sciences&bcItemType=programs
"College of Arts, Humanities, and Social Sciences",Fine Arts Digital Animation (Concentration),Concentration,https://catalog.uah.edu/#/programs/Bkez-rryh?bc=true&bcCurrent=Fine%20Arts%20Digital%20Animation%20(Concentration)&bcItemType=programs
"College of Arts, Humanities, and Social Sciences",Fine Arts Drawing & Painting (Concentration),Concentration,https://catalog.uah.edu/#/programs/Bkez-rryh?bc=true&bcCurrent=Fine%20Arts%20Drawing%20%26%20Painting%20(Concentration)&bcItemType=programs
"College of Arts, Humanities, and Social Sciences",Fine Arts Graphic Design (Concentration),Concentration,https://catalog.uah.edu/#/programs/Bkez-rryh?bc=true&bcCurrent=Fine%20Arts%20Graphic%20Design%20(Concentration)&bcItemType=programs
"College of Arts, Humanities, and Social Sciences",Fine Arts Photography (Concentration),Concentration,https://catalog.uah.edu/#/programs/Bkez-rryh?bc=true&bcCurrent=Fine%20Arts%20Photography%20(Concentration)&bcItemType=programs
"College of Arts, Humanities, and Social Sciences",Fine Arts Printmaking (Concentration),Concentration,https://catalog.uah.edu/#/programs/Bkez-rryh?bc=true&bcCurrent=Fine%20Arts%20Printmaking%20(Concentration)&bcItemType=programs
"College of Arts, Humanities, and Social Sciences",Fine Arts Sculpture (Concentration),Concentration,https://catalog.uah.edu/#/programs/Bkez-rryh?bc=true&bcCurrent=Fine%20Arts%20Sculpture%20(Concentration)&bcItemType=programs
"College of Arts, Humanities, and Social Sciences",Art History (Minor),Minor,https://catalog.uah.edu/#/programs/Skg8u-rBJ2?bc=true&bcCurrent=Art%20History%20(Minor)&bcGroup=College%20of%20Arts%2C%20Humanities%2C%20and%20Social%20Sciences&bcItemType=programs
"College of Arts, Humanities, and Social Sciences",Art Studio (Minor),Minor,https://catalog.uah.edu/#/programs/ryzruWBrkh?bc=true&bcCurrent=Art%20Studio%20(Minor)&bcGroup=College%20of%20Arts%2C%20Humanities%2C%20and%20Social%20Sciences&bcItemType=programs
"College of Arts, Humanities, and Social Sciences",Audio Production and Sound Design (Minor),Minor,https://catalog.uah.edu/#/programs/SJw03r7f3?bc=true&bcCurrent=Audio%20Production%20and%20Sound%20Design%20(Minor)&bcGroup=College%20of%20Arts%2C%20Humanities%2C%20and%20Social%20Sciences&bcItemType=programs
"College of Arts, Humanities, and Social Sciences",Communication Arts (BA),BA,https://catalog.uah.edu/#/programs/ByxkfWHry2?bc=true&bcCurrent=Communication%20Arts%20(BA)&bcGroup=College%20of%20Arts%2C%20Humanities%2C%20and%20Social%20Sciences&bcItemType=programs
"College of Arts, Humanities, and Social Sciences","Communication Arts, General (Concentration)",Concentration,https://catalog.uah.edu/#/programs/ByxkfWHry2?bc=true&bcCurrent=Communication%20Arts%2C%20General%20(Concentration)&bcItemType=programs
"College of Arts, Humanities, and Social Sciences",Public Relations (Concentration),Concentration,https://catalog.uah.edu/#/programs/ByxkfWHry2?bc=true&bcCurrent=Public%20Relations%20(Concentration)&bcItemType=programs
"College of Arts, Humanities, and Social Sciences",Communication Arts (Minor),Minor,https://catalog.uah.edu/#/programs/SkBd-BBkh?bc=true&bcCurrent=Communication%20Arts%20(Minor)&bcGroup=College%20of%20Arts%2C%20Humanities%2C%20and%20Social%20Sciences&bcItemType=programs
"College of Arts, Humanities, and Social Sciences",Creative Writing (Minor),Minor,https://catalog.uah.edu/#/programs/SkZwOZrS12?bc=true&bcCurrent=Creative%20Writing%20(Minor)&bcGroup=College%20of%20Arts%2C%20Humanities%2C%20and%20Social%20Sciences&bcItemType=programs
"College of Arts, Humanities, and Social Sciences",Criminology and Intelligence Studies (Minor),Minor,https://catalog.uah.edu/#/programs/r1EOhRRJke?bc=true&bcCurrent=Criminology%20and%20Intelligence%20Studies%20(Minor)&bcGroup=College%20of%20Arts%2C%20Humanities%2C%20and%20Social%20Sciences&bcItemType=programs
"College of Arts, Humanities, and Social Sciences",Digital Fabrication (Minor),Minor,https://catalog.uah.edu/#/programs/HJn17mcAT?bc=true&bcCurrent=Digital%20Fabrication%20(Minor)&bcGroup=College%20of%20Arts%2C%20Humanities%2C%20and%20Social%20Sciences&bcItemType=programs
"College of Arts, Humanities, and Social Sciences",English (BA),BA,https://catalog.uah.edu/#/programs/B1lGZHHkn?bc=true&bcCurrent=English%20(BA)&bcGroup=College%20of%20Arts%2C%20Humanities%2C%20and%20Social%20Sciences&bcItemType=programs
"College of Arts, Humanities, and Social Sciences","English, General (Concentration)",Concentration,https://catalog.uah.edu/#/programs/B1lGZHHkn?bc=true&bcCurrent=English%2C%20General%20(Concentration)&bcItemType=programs
"College of Arts, Humanities, and Social Sciences","JUMP: BA EH, English (MA)",MA,https://catalog.uah.edu/#/programs/B1lGZHHkn?bc=true&bcCurrent=JUMP%3A%20BA%20EH%2C%20English%20(MA)&bcItemType=programs
"College of Arts, Humanities, and Social Sciences",Language Arts (Concentration),Concentration,https://catalog.uah.edu/#/programs/B1lGZHHkn?bc=true&bcCurrent=Language%20Arts%20(Concentration)&bcItemType=programs
"College of Arts, Humanities, and Social Sciences",English (MA),MA,https://catalog.uah.edu/#/programs/S1gzbBr1h?bc=true&bcCurrent=English%20(MA)&bcGroup=College%20of%20Arts%2C%20Humanities%2C%20and%20Social%20Sciences&bcItemType=programs
"College of Arts, Humanities, and Social Sciences",Education (Concentration),Concentration,https://catalog.uah.edu/#/programs/S1gzbBr1h?bc=true&bcCurrent=Education%20(Concentration)&bcItemType=programs
"College of Arts, Humanities, and Social Sciences","English, General (Concentration)",Concentration,https://catalog.uah.edu/#/programs/S1gzbBr1h?bc=true&bcCurrent=English%2C%20General%20(Concentration)&bcItemType=programs
"College of Arts, Humanities, and Social Sciences",Language Arts (Concentration),Concentration,https://catalog.uah.edu/#/programs/S1gzbBr1h?bc=true&bcCurrent=Language%20Arts%20(Concentration)&bcItemType=programs
"College of Arts, Humanities, and Social Sciences",English (Minor),Minor,https://catalog.uah.edu/#/programs/HJeS_-BSJ2?bc=true&bcCurrent=English%20(Minor)&bcGroup=College%20of%20Arts%2C%20Humanities%2C%20and%20Social%20Sciences&bcItemType=programs
"College of Arts, Humanities, and Social Sciences",Film and Media Arts (Minor),Minor,https://catalog.uah.edu/#/programs/S1UOWBSk2?bc=true&bcCurrent=Film%20and%20Media%20Arts%20(Minor)&bcGroup=College%20of%20Arts%2C%20Humanities%2C%20and%20Social%20Sciences&bcItemType=programs
"College of Arts, Humanities, and Social Sciences",Foreign Language French (Minor),Minor,https://catalog.uah.edu/#/programs/SkLuWSBJ3?bc=true&bcCurrent=Foreign%20Language%20French%20(Minor)&bcGroup=College%20of%20Arts%2C%20Humanities%2C%20and%20Social%20Sciences&bcItemType=programs
"College of Arts, Humanities, and Social Sciences",Foreign Language German (Minor),Minor,https://catalog.uah.edu/#/programs/ryeLdWHS12?bc=true&bcCurrent=Foreign%20Language%20German%20(Minor)&bcGroup=College%20of%20Arts%2C%20Humanities%2C%20and%20Social%20Sciences&bcItemType=programs
"College of Arts, Humanities, and Social Sciences",Foreign Language Russian (Minor),Minor,https://catalog.uah.edu/#/programs/HJxS_WBB12?bc=true&bcCurrent=Foreign%20Language%20Russian%20(Minor)&bcGroup=College%20of%20Arts%2C%20Humanities%2C%20and%20Social%20Sciences&bcItemType=programs
"College of Arts, Humanities, and Social Sciences",Foreign Language Spanish (Minor),Minor,https://catalog.uah.edu/#/programs/HJmrdZBH12?bc=true&bcCurrent=Foreign%20Language%20Spanish%20(Minor)&bcGroup=College%20of%20Arts%2C%20Humanities%2C%20and%20Social%20Sciences&bcItemType=programs
"College of Arts, Humanities, and Social Sciences",Foreign Languages (BA),BA,https://catalog.uah.edu/#/programs/BJggMWHrkh?bc=true&bcCurrent=Foreign%20Languages%20(BA)&bcGroup=College%20of%20Arts%2C%20Humanities%2C%20and%20Social%20Sciences&bcItemType=programs
"College of Arts, Humanities, and Social Sciences",Foreign Language International Trade German (Concentration),Concentration,https://catalog.uah.edu/#/programs/BJggMWHrkh?bc=true&bcCurrent=Foreign%20Language%20International%20Trade%20German%20(Concentration)&bcItemType=programs
"College of Arts, Humanities, and Social Sciences",Foreign Language International Trade Russian (Concentration),Concentration,https://catalog.uah.edu/#/programs/BJggMWHrkh?bc=true&bcCurrent=Foreign%20Language%20International%20Trade%20Russian%20(Concentration)&bcItemType=programs
"College of Arts, Humanities, and Social Sciences",Foreign Language International Trade Spanish (Concentration),Concentration,https://catalog.uah.edu/#/programs/BJggMWHrkh?bc=true&bcCurrent=Foreign%20Language%20International%20Trade%20Spanish%20(Concentration)&bcItemType=programs
"College of Arts, Humanities, and Social Sciences","Foreign Language, German (Concentration)",Concentration,https://catalog.uah.edu/#/programs/BJggMWHrkh?bc=true&bcCurrent=Foreign%20Language%2C%20German%20(Concentration)&bcItemType=programs
"College of Arts, Humanities, and Social Sciences","Foreign Language, Russian (Concentration)",Concentration,https://catalog.uah.edu/#/programs/BJggMWHrkh?bc=true&bcCurrent=Foreign%20Language%2C%20Russian%20(Concentration)&bcItemType=programs
"College of Arts, Humanities, and Social Sciences","Foreign Language, Spanish (Concentration)",Concentration,https://catalog.uah.edu/#/programs/BJggMWHrkh?bc=true&bcCurrent=Foreign%20Language%2C%20Spanish%20(Concentration)&bcItemType=programs
"College of Arts, Humanities, and Social Sciences",Game Design and Development (Minor),Minor,https://catalog.uah.edu/#/programs/HylBu-BHy2?bc=true&bcCurrent=Game%20Design%20and%20Development%20(Minor)&bcGroup=College%20of%20Arts%2C%20Humanities%2C%20and%20Social%20Sciences&bcItemType=programs
"College of Arts, Humanities, and Social Sciences",Global Professional Pathways (Certificate),Certificate,https://catalog.uah.edu/#/programs/ByegM-HBk2?bc=true&bcCurrent=Global%20Professional%20Pathways%20(Certificate)&bcGroup=College%20of%20Arts%2C%20Humanities%2C%20and%20Social%20Sciences&bcItemType=programs
"College of Arts, Humanities, and Social Sciences",Foreign Language - Arabic (Concentration),Concentration,https://catalog.uah.edu/#/programs/ByegM-HBk2?bc=true&bcCurrent=Foreign%20Language%20-%20Arabic%20(Concentration)&bcItemType=programs
"College of Arts, Humanities, and Social Sciences",Foreign Language - French (Concentration),Concentration,https://catalog.uah.edu/#/programs/ByegM-HBk2?bc=true&bcCurrent=Foreign%20Language%20-%20French%20(Concentration)&bcItemType=programs
"College of Arts, Humanities, and Social Sciences",Foreign Language - German (Concentration),Concentration,https://catalog.uah.edu/#/programs/ByegM-HBk2?bc=true&bcCurrent=Foreign%20Language%20-%20German%20(Concentration)&bcItemType=programs
"College of Arts, Humanities, and Social Sciences",Foreign Language - Japanese (Concentration),Concentration,https://catalog.uah.edu/#/programs/ByegM-HBk2?bc=true&bcCurrent=Foreign%20Language%20-%20Japanese%20(Concentration)&bcItemType=programs
"College of Arts, Humanities, and Social Sciences",Foreign Language - Russian (Concentration),Concentration,https://catalog.uah.edu/#/programs/ByegM-HBk2?bc=true&bcCurrent=Foreign%20Language%20-%20Russian%20(Concentration)&bcItemType=programs
"College of Arts, Humanities, and Social Sciences",Foreign Language - Spanish (Concentration),Concentration,https://catalog.uah.edu/#/programs/ByegM-HBk2?bc=true&bcCurrent=Foreign%20Language%20-%20Spanish%20(Concentration)&bcItemType=programs
"College of Arts, Humanities, and Social Sciences",Global Studies (Minor),Minor,https://catalog.uah.edu/#/programs/H1MIu-rB12?bc=true&bcCurrent=Global%20Studies%20(Minor)&bcGroup=College%20of%20Arts%2C%20Humanities%2C%20and%20Social%20Sciences&bcItemType=programs
"College of Arts, Humanities, and Social Sciences",History (BA),BA,https://catalog.uah.edu/#/programs/r1ZeGZBryh?bc=true&bcCurrent=History%20(BA)&bcGroup=College%20of%20Arts%2C%20Humanities%2C%20and%20Social%20Sciences&bcItemType=programs
"College of Arts, Humanities, and Social Sciences",Education (Concentration),Concentration,https://catalog.uah.edu/#/programs/r1ZeGZBryh?bc=true&bcCurrent=Education%20(Concentration)&bcItemType=programs
"College of Arts, Humanities, and Social Sciences","History, General (Concentration)",Concentration,https://catalog.uah.edu/#/programs/r1ZeGZBryh?bc=true&bcCurrent=History%2C%20General%20(Concentration)&bcItemType=programs
"College of Arts, Humanities, and Social Sciences","JUMP: BA HY, History (MA)",MA,https://catalog.uah.edu/#/programs/r1ZeGZBryh?bc=true&bcCurrent=JUMP%3A%20BA%20HY%2C%20History%20(MA)&bcItemType=programs
"College of Arts, Humanities, and Social Sciences",Social Science (Concentration),Concentration,https://catalog.uah.edu/#/programs/r1ZeGZBryh?bc=true&bcCurrent=Social%20Science%20(Concentration)&bcItemType=programs
"College of Arts, Humanities, and Social Sciences",History (MA),MA,https://catalog.uah.edu/#/programs/rkMgM-rSkh?bc=true&bcCurrent=History%20(MA)&bcGroup=College%20of%20Arts%2C%20Humanities%2C%20and%20Social%20Sciences&bcItemType=programs
"College of Arts, Humanities, and Social Sciences",Education (Concentration),Concentration,https://catalog.uah.edu/#/programs/rkMgM-rSkh?bc=true&bcCurrent=Education%20(Concentration)&bcItemType=programs
"College of Arts, Humanities, and Social Sciences","History, General (Concentration)",Concentration,https://catalog.uah.edu/#/programs/rkMgM-rSkh?bc=true&bcCurrent=History%2C%20General%20(Concentration)&bcItemType=programs
"College of Arts, Humanities, and Social Sciences",Social Science (Concentration),Concentration,https://catalog.uah.edu/#/programs/rkMgM-rSkh?bc=true&bcCurrent=Social%20Science%20(Concentration)&bcItemType=programs
"College of Arts, Humanities, and Social Sciences",History (Minor),Minor,https://catalog.uah.edu/#/programs/SybLu-HHJ3?bc=true&bcCurrent=History%20(Minor)&bcGroup=College%20of%20Arts%2C%20Humanities%2C%20and%20Social%20Sciences&bcItemType=programs
"College of Arts, Humanities, and Social Sciences","History, Public (Minor)",Minor,https://catalog.uah.edu/#/programs/ByK5CupG2?bc=true&bcCurrent=History%2C%20Public%20(Minor)&bcGroup=College%20of%20Arts%2C%20Humanities%2C%20and%20Social%20Sciences&bcItemType=programs
"College of Arts, Humanities, and Social Sciences",Intelligence and Security (Graduate Certificate),Graduate Certificate,https://catalog.uah.edu/#/programs/B1xfZrry2?bc=true&bcCurrent=Intelligence%20and%20Security%20(Graduate%20Certificate)&bcGroup=College%20of%20Arts%2C%20Humanities%2C%20and%20Social%20Sciences&bcItemType=programs
"College of Arts, Humanities, and Social Sciences",Interactive Media and Content Creation (Minor),Minor,https://catalog.uah.edu/#/programs/SJwObrHJ3?bc=true&bcCurrent=Interactive%20Media%20and%20Content%20Creation%20(Minor)&bcGroup=College%20of%20Arts%2C%20Humanities%2C%20and%20Social%20Sciences&bcItemType=programs
"College of Arts, Humanities, and Social Sciences",Justice & Equity Studies (Minor),Minor,https://catalog.uah.edu/#/programs/ryeBuZBrk3?bc=true&bcCurrent=Justice%20%26%20Equity%20Studies%20(Minor)&bcGroup=College%20of%20Arts%2C%20Humanities%2C%20and%20Social%20Sciences&bcItemType=programs
"College of Arts, Humanities, and Social Sciences",Music (BA),BA,https://catalog.uah.edu/#/programs/SylxzWHS1n?bc=true&bcCurrent=Music%20(BA)&bcGroup=College%20of%20Arts%2C%20Humanities%2C%20and%20Social%20Sciences&bcItemType=programs
"College of Arts, Humanities, and Social Sciences",Church Music (Concentration),Concentration,https://catalog.uah.edu/#/programs/SylxzWHS1n?bc=true&bcCurrent=Church%20Music%20(Concentration)&bcItemType=programs
"College of Arts, Humanities, and Social Sciences",Jazz (Concentration),Concentration,https://catalog.uah.edu/#/programs/SylxzWHS1n?bc=true&bcCurrent=Jazz%20(Concentration)&bcItemType=programs
"College of Arts, Humanities, and Social Sciences","JUMP: BA MU (Choral), Music Education - Choral (MAT PCH)",Choral,https://catalog.uah.edu/#/programs/SylxzWHS1n?bc=true&bcCurrent=JUMP%3A%20BA%20MU%20(Choral)%2C%20Music%20Education%20-%20Choral%20(MAT%20PCH)&bcItemType=programs
"College of Arts, Humanities, and Social Sciences","JUMP: BA MU (Instrumental), Music Education - Instrumental (MAT PCH)",Instrumental,https://catalog.uah.edu/#/programs/SylxzWHS1n?bc=true&bcCurrent=JUMP%3A%20BA%20MU%20(Instrumental)%2C%20Music%20Education%20-%20Instrumental%20(MAT%20PCH)&bcItemType=programs
"College of Arts, Humanities, and Social Sciences",Liberal Arts (Concentration),Concentration,https://catalog.uah.edu/#/programs/SylxzWHS1n?bc=true&bcCurrent=Liberal%20Arts%20(Concentration)&bcItemType=programs
"College of Arts, Humanities, and Social Sciences",Music Business (Concentration),Concentration,https://catalog.uah.edu/#/programs/SylxzWHS1n?bc=true&bcCurrent=Music%20Business%20(Concentration)&bcItemType=programs
"College of Arts, Humanities, and Social Sciences",Music Education (Concentration),Concentration,https://catalog.uah.edu/#/programs/SylxzWHS1n?bc=true&bcCurrent=Music%20Education%20(Concentration)&bcItemType=programs
"College of Arts, Humanities, and Social Sciences",Music Technology (Concentration),Concentration,https://catalog.uah.edu/#/programs/SylxzWHS1n?bc=true&bcCurrent=Music%20Technology%20(Concentration)&bcItemType=programs
"College of Arts, Humanities, and Social Sciences",Performance Music (Concentration),Concentration,https://catalog.uah.edu/#/programs/SylxzWHS1n?bc=true&bcCurrent=Performance%20Music%20(Concentration)&bcItemType=programs
"College of Arts, Humanities, and Social Sciences",Piano Pedagogy (Concentration),Concentration,https://catalog.uah.edu/#/programs/SylxzWHS1n?bc=true&bcCurrent=Piano%20Pedagogy%20(Concentration)&bcItemType=programs
"College of Arts, Humanities, and Social Sciences",Music (Minor),Minor,https://catalog.uah.edu/#/programs/HJWLuZrBk3?bc=true&bcCurrent=Music%20(Minor)&bcGroup=College%20of%20Arts%2C%20Humanities%2C%20and%20Social%20Sciences&bcItemType=programs
"College of Arts, Humanities, and Social Sciences","Music, Stage, and Screen (Minor)",Minor,https://catalog.uah.edu/#/programs/Hke8O-Sr1h?bc=true&bcCurrent=Music%2C%20Stage%2C%20and%20Screen%20(Minor)&bcGroup=College%20of%20Arts%2C%20Humanities%2C%20and%20Social%20Sciences&bcItemType=programs
"College of Arts, Humanities, and Social Sciences",Philosophy (BA),BA,https://catalog.uah.edu/#/programs/SyezWHB13?bc=true&bcCurrent=Philosophy%20(BA)&bcGroup=College%20of%20Arts%2C%20Humanities%2C%20and%20Social%20Sciences&bcItemType=programs
"College of Arts, Humanities, and Social Sciences","Philosophy, General (Concentration)",Concentration,https://catalog.uah.edu/#/programs/SyezWHB13?bc=true&bcCurrent=Philosophy%2C%20General%20(Concentration)&bcItemType=programs
"College of Arts, Humanities, and Social Sciences",Pre-Law (Concentration),Concentration,https://catalog.uah.edu/#/programs/SyezWHB13?bc=true&bcCurrent=Pre-Law%20(Concentration)&bcItemType=programs
"College of Arts, Humanities, and Social Sciences",Philosophy (Minor),Minor,https://catalog.uah.edu/#/programs/BkZBObSH1n?bc=true&bcCurrent=Philosophy%20(Minor)&bcGroup=College%20of%20Arts%2C%20Humanities%2C%20and%20Social%20Sciences&bcItemType=programs
"College of Arts, Humanities, and Social Sciences",Political Science (BA),BA,https://catalog.uah.edu/#/programs/r1lxMbrHk3?bc=true&bcCurrent=Political%20Science%20(BA)&bcGroup=College%20of%20Arts%2C%20Humanities%2C%20and%20Social%20Sciences&bcItemType=programs
"College of Arts, Humanities, and Social Sciences","JUMP: BA PSC, Public Affairs and Policy (MA)",MA,https://catalog.uah.edu/#/programs/r1lxMbrHk3?bc=true&bcCurrent=JUMP%3A%20BA%20PSC%2C%20Public%20Affairs%20and%20Policy%20(MA)&bcItemType=programs
"College of Arts, Humanities, and Social Sciences",Political Science (Minor),Minor,https://catalog.uah.edu/#/programs/r1LdbSSyn?bc=true&bcCurrent=Political%20Science%20(Minor)&bcGroup=College%20of%20Arts%2C%20Humanities%2C%20and%20Social%20Sciences&bcItemType=programs
"College of Arts, Humanities, and Social Sciences",Pre-Law (Certificate),Certificate,https://catalog.uah.edu/#/programs/S1-lGbSBJ2?bc=true&bcCurrent=Pre-Law%20(Certificate)&bcGroup=College%20of%20Arts%2C%20Humanities%2C%20and%20Social%20Sciences&bcItemType=programs
"College of Arts, Humanities, and Social Sciences",Professional Studies (BA),BA,https://catalog.uah.edu/#/programs/SkTrbBSkn?bc=true&bcCurrent=Professional%20Studies%20(BA)&bcGroup=College%20of%20Arts%2C%20Humanities%2C%20and%20Social%20Sciences&bcItemType=programs
"College of Arts, Humanities, and Social Sciences",General Studies (Concentration),Concentration,https://catalog.uah.edu/#/programs/SkTrbBSkn?bc=true&bcCurrent=General%20Studies%20(Concentration)&bcItemType=programs
"College of Arts, Humanities, and Social Sciences",JUMP: BA PRO STUD (Leadership & Organizational Studies),Leadership & Organizational Studies,https://catalog.uah.edu/#/programs/SkTrbBSkn?bc=true&bcCurrent=JUMP%3A%20BA%20PRO%20STUD%20(Leadership%20%26%20Organizational%20Studies)&bcItemType=programs
"College of Arts, Humanities, and Social Sciences",Leadership & Organizational Studies (Concentration),Concentration,https://catalog.uah.edu/#/programs/SkTrbBSkn?bc=true&bcCurrent=Leadership%20%26%20Organizational%20Studies%20(Concentration)&bcItemType=programs
"College of Arts, Humanities, and Social Sciences","Science, Technology and Society (Concentration)",Concentration,https://catalog.uah.edu/#/programs/SkTrbBSkn?bc=true&bcCurrent=Science%2C%20Technology%20and%20Society%20(Concentration)&bcItemType=programs
"College of Arts, Humanities, and Social Sciences",Psychology (BA),BA,https://catalog.uah.edu/#/programs/Hy1GZHH12?bc=true&bcCurrent=Psychology%20(BA)&bcGroup=College%20of%20Arts%2C%20Humanities%2C%20and%20Social%20Sciences&bcItemType=programs
"College of Arts, Humanities, and Social Sciences",Psychology (BS),BS,https://catalog.uah.edu/#/programs/HyhZAbgz6?bc=true&bcCurrent=Psychology%20(BS)&bcGroup=College%20of%20Arts%2C%20Humanities%2C%20and%20Social%20Sciences&bcItemType=programs
"College of Arts, Humanities, and Social Sciences","JUMP: BS PY, Psychology (MA)",MA,https://catalog.uah.edu/#/programs/HyhZAbgz6?bc=true&bcCurrent=JUMP%3A%20BS%20PY%2C%20Psychology%20(MA)&bcItemType=programs
"College of Arts, Humanities, and Social Sciences",Psychology (Minor),Minor,https://catalog.uah.edu/#/programs/B1ZLubHry2?bc=true&bcCurrent=Psychology%20(Minor)&bcGroup=College%20of%20Arts%2C%20Humanities%2C%20and%20Social%20Sciences&bcItemType=programs
"College of Arts, Humanities, and Social Sciences",Psychology (MS),MS,https://catalog.uah.edu/#/programs/SyY_i1Mv0?bc=true&bcCurrent=Psychology%20(MS)&bcGroup=College%20of%20Arts%2C%20Humanities%2C%20and%20Social%20Sciences&bcItemType=programs
"College of Arts, Humanities, and Social Sciences",Industrial/Organizational (Concentration),Concentration,https://catalog.uah.edu/#/programs/SyY_i1Mv0?bc=true&bcCurrent=Industrial%2FOrganizational%20(Concentration)&bcItemType=programs
"College of Arts, Humanities, and Social Sciences","Psychology, General (Concentration)",Concentration,https://catalog.uah.edu/#/programs/SyY_i1Mv0?bc=true&bcCurrent=Psychology%2C%20General%20(Concentration)&bcItemType=programs
"College of Arts, Humanities, and Social Sciences","Psychology, Applied Experimental (PhD)",PhD,https://catalog.uah.edu/#/programs/Hk-gzWBrJn?bc=true&bcCurrent=Psychology%2C%20Applied%20Experimental%20(PhD)&bcGroup=College%20of%20Arts%2C%20Humanities%2C%20and%20Social%20Sciences&bcItemType=programs
"College of Arts, Humanities, and Social Sciences",Human Factors (Concentration),Concentration,https://catalog.uah.edu/#/programs/Hk-gzWBrJn?bc=true&bcCurrent=Human%20Factors%20(Concentration)&bcItemType=programs
"College of Arts, Humanities, and Social Sciences",Psychology Law (Concentration),Concentration,https://catalog.uah.edu/#/programs/Hk-gzWBrJn?bc=true&bcCurrent=Psychology%20Law%20(Concentration)&bcItemType=programs
"College of Arts, Humanities, and Social Sciences",Sociology (BA),BA,https://catalog.uah.edu/#/programs/HJ1fWBH1h?bc=true&bcCurrent=Sociology%20(BA)&bcGroup=College%20of%20Arts%2C%20Humanities%2C%20and%20Social%20Sciences&bcItemType=programs
"College of Arts, Humanities, and Social Sciences",Criminology and Intelligence Studies (Concentration),Concentration,https://catalog.uah.edu/#/programs/HJ1fWBH1h?bc=true&bcCurrent=Criminology%20and%20Intelligence%20Studies%20(Concentration)&bcItemType=programs
"College of Arts, Humanities, and Social Sciences",Sociology (Minor),Minor,https://catalog.uah.edu/#/programs/H1-U_WSSk2?bc=true&bcCurrent=Sociology%20(Minor)&bcGroup=College%20of%20Arts%2C%20Humanities%2C%20and%20Social%20Sciences&bcItemType=programs
"College of Arts, Humanities, and Social Sciences",Technical Communication (Graduate Certificate),Graduate Certificate,https://catalog.uah.edu/#/programs/BkgeG-HH1n?bc=true&bcCurrent=Technical%20Communication%20(Graduate%20Certificate)&bcGroup=College%20of%20Arts%2C%20Humanities%2C%20and%20Social%20Sciences&bcItemType=programs
"College of Arts, Humanities, and Social Sciences",Technical Writing (Minor),Minor,https://catalog.uah.edu/#/programs/HJVIOWHSJh?bc=true&bcCurrent=Technical%20Writing%20(Minor)&bcGroup=College%20of%20Arts%2C%20Humanities%2C%20and%20Social%20Sciences&bcItemType=programs
"College of Arts, Humanities, and Social Sciences",Theatre (BA),BA,https://catalog.uah.edu/#/programs/H1fxzbBHJ3?bc=true&bcCurrent=Theatre%20(BA)&bcGroup=College%20of%20Arts%2C%20Humanities%2C%20and%20Social%20Sciences&bcItemType=programs
"College of Arts, Humanities, and Social Sciences",Design Technology (Concentration),Concentration,https://catalog.uah.edu/#/programs/H1fxzbBHJ3?bc=true&bcCurrent=Design%20Technology%20(Concentration)&bcItemType=programs
"College of Arts, Humanities, and Social Sciences",Dramaturgy (Concentration),Concentration,https://catalog.uah.edu/#/programs/H1fxzbBHJ3?bc=true&bcCurrent=Dramaturgy%20(Concentration)&bcItemType=programs
"College of Arts, Humanities, and Social Sciences",Film & Media Arts (Concentration),Concentration,https://catalog.uah.edu/#/programs/H1fxzbBHJ3?bc=true&bcCurrent=Film%20%26%20Media%20Arts%20(Concentration)&bcItemType=programs
"College of Arts, Humanities, and Social Sciences",Performance (Concentration),Concentration,https://catalog.uah.edu/#/programs/H1fxzbBHJ3?bc=true&bcCurrent=Performance%20(Concentration)&bcItemType=programs
"College of Arts, Humanities, and Social Sciences",Theatre (Minor),Minor,https://catalog.uah.edu/#/programs/rJMIdZrByn?bc=true&bcCurrent=Theatre%20(Minor)&bcGroup=College%20of%20Arts%2C%20Humanities%2C%20and%20Social%20Sciences&bcItemType=programs
"College of Arts, Humanities, and Social Sciences",User Experience (Graduate Certificate),Graduate Certificate,https://catalog.uah.edu/#/programs/H1elMWHH12?bc=true&bcCurrent=User%20Experience%20(Graduate%20Certificate)&bcGroup=College%20of%20Arts%2C%20Humanities%2C%20and%20Social%20Sciences&bcItemType=programs
"College of Arts, Humanities, and Social Sciences",User Experience (Minor),Minor,https://catalog.uah.edu/#/programs/r1QvdWSBy2?bc=true&bcCurrent=User%20Experience%20(Minor)&bcGroup=College%20of%20Arts%2C%20Humanities%2C%20and%20Social%20Sciences&bcItemType=programs
"College of Arts, Humanities, and Social Sciences",Women's/Gender/Sexuality Studies (Minor),Minor,https://catalog.uah.edu/#/programs/r1PdZSr1n?bc=true&bcCurrent=Women's%2FGender%2FSexuality%20Studies%20(Minor)&bcGroup=College%20of%20Arts%2C%20Humanities%2C%20and%20Social%20Sciences&bcItemType=programs
"College of Arts, Humanities, and Social Sciences",Writing (BA),BA,https://catalog.uah.edu/#/programs/BkkMbBBk3?bc=true&bcCurrent=Writing%20(BA)&bcGroup=College%20of%20Arts%2C%20Humanities%2C%20and%20Social%20Sciences&bcItemType=programs
"College of Arts, Humanities, and Social Sciences",Creative Writing (Concentration),Concentration,https://catalog.uah.edu/#/programs/BkkMbBBk3?bc=true&bcCurrent=Creative%20Writing%20(Concentration)&bcItemType=programs
"College of Arts, Humanities, and Social Sciences",Customized (Concentration),Concentration,https://catalog.uah.edu/#/programs/BkkMbBBk3?bc=true&bcCurrent=Customized%20(Concentration)&bcItemType=programs
"College of Arts, Humanities, and Social Sciences",Media Writing (Concentration),Concentration,https://catalog.uah.edu/#/programs/BkkMbBBk3?bc=true&bcCurrent=Media%20Writing%20(Concentration)&bcItemType=programs
"College of Arts, Humanities, and Social Sciences",Public Relations (Concentration),Concentration,https://catalog.uah.edu/#/programs/BkkMbBBk3?bc=true&bcCurrent=Public%20Relations%20(Concentration)&bcItemType=programs
"College of Arts, Humanities, and Social Sciences",Rhetoric & Composition Writing (Concentration),Concentration,https://catalog.uah.edu/#/programs/BkkMbBBk3?bc=true&bcCurrent=Rhetoric%20%26%20Composition%20Writing%20(Concentration)&bcItemType=programs
"College of Arts, Humanities, and Social Sciences",Technical & Professional Writing (Concentration),Concentration,https://catalog.uah.edu/#/programs/BkkMbBBk3?bc=true&bcCurrent=Technical%20%26%20Professional%20Writing%20(Concentration)&bcItemType=programs
College of Business,Accounting (BSBA),BSBA,https://catalog.uah.edu/#/programs/HJGgfWrBy3?bc=true&bcCurrent=Accounting%20(BSBA)&bcGroup=College%20of%20Business&bcItemType=programs
College of Business,Accounting Federal Contract (Concentration),Concentration,https://catalog.uah.edu/#/programs/HJGgfWrBy3?bc=true&bcCurrent=Accounting%20Federal%20Contract%20(Concentration)&bcItemType=programs
College of Business,"Accounting, General (Concentration)",Concentration,https://catalog.uah.edu/#/programs/HJGgfWrBy3?bc=true&bcCurrent=Accounting%2C%20General%20(Concentration)&bcItemType=programs
College of Business,"JUMP: BSBA Accounting, Multiple",,https://catalog.uah.edu/#/programs/HJGgfWrBy3?bc=true&bcCurrent=JUMP%3A%20BSBA%20Accounting%2C%20Multiple&bcItemType=programs
College of Business,Accounting (Minor),Minor,https://catalog.uah.edu/#/programs/BJewu-Bryn?bc=true&bcCurrent=Accounting%20(Minor)&bcGroup=College%20of%20Business&bcItemType=programs
College of Business,Analytics (BSBA),BSBA,https://catalog.uah.edu/#/programs/Byfvx3b-T?bc=true&bcCurrent=Analytics%20(BSBA)&bcGroup=College%20of%20Business&bcItemType=programs
College of Business,"JUMP: BSBA Analytics, Multiple",,https://catalog.uah.edu/#/programs/Byfvx3b-T?bc=true&bcCurrent=JUMP%3A%20BSBA%20Analytics%2C%20Multiple&bcItemType=programs
College of Business,Analytics (Minor),Minor,https://catalog.uah.edu/#/programs/ry_IoWHH6?bc=true&bcCurrent=Analytics%20(Minor)&bcGroup=College%20of%20Business&bcItemType=programs
College of Business,Business (Minor),Minor,https://catalog.uah.edu/#/programs/BJzPOZBr1h?bc=true&bcCurrent=Business%20(Minor)&bcGroup=College%20of%20Business&bcItemType=programs
College of Business,Business Analytics (Graduate Certificate),Graduate Certificate,https://catalog.uah.edu/#/programs/SkglGWBHJn?bc=true&bcCurrent=Business%20Analytics%20(Graduate%20Certificate)&bcGroup=College%20of%20Business&bcItemType=programs
College of Business,Business Analytics (MS),MS,https://catalog.uah.edu/#/programs/SkSef-SHy2?bc=true&bcCurrent=Business%20Analytics%20(MS)&bcGroup=College%20of%20Business&bcItemType=programs
College of Business,MSBA Accounting (Concentration),Concentration,https://catalog.uah.edu/#/programs/SkSef-SHy2?bc=true&bcCurrent=MSBA%20Accounting%20(Concentration)&bcItemType=programs
College of Business,Cybersecurity (MS),MS,https://catalog.uah.edu/#/programs/ByWeM-BB12?bc=true&bcCurrent=Cybersecurity%20(MS)&bcGroup=College%20of%20Business&bcItemType=programs
College of Business,Cybersecurity Studies (Graduate Certificate),Graduate Certificate,https://catalog.uah.edu/#/programs/rkZeM-SSJn?bc=true&bcCurrent=Cybersecurity%20Studies%20(Graduate%20Certificate)&bcGroup=College%20of%20Business&bcItemType=programs
College of Business,Economics & Compututational Analysis (BS),BS,https://catalog.uah.edu/#/programs/SJlM-HByh?bc=true&bcCurrent=Economics%20%26%20Compututational%20Analysis%20(BS)&bcGroup=College%20of%20Business&bcItemType=programs
College of Business,"JUMP: BS Economics & Computational Analytics, Multiple",,https://catalog.uah.edu/#/programs/SJlM-HByh?bc=true&bcCurrent=JUMP%3A%20BS%20Economics%20%26%20Computational%20Analytics%2C%20Multiple&bcItemType=programs
College of Business,Economics (Minor),Minor,https://catalog.uah.edu/#/programs/H1DdbSBkn?bc=true&bcCurrent=Economics%20(Minor)&bcGroup=College%20of%20Business&bcItemType=programs
College of Business,Enterprise Resource Planning (Graduate Certificate),Graduate Certificate,https://catalog.uah.edu/#/programs/S1eefZBHyn?bc=true&bcCurrent=Enterprise%20Resource%20Planning%20(Graduate%20Certificate)&bcGroup=College%20of%20Business&bcItemType=programs
College of Business,Entrepreneurship (Minor),Minor,https://catalog.uah.edu/#/programs/HJDu-Sr12?bc=true&bcCurrent=Entrepreneurship%20(Minor)&bcGroup=College%20of%20Business&bcItemType=programs
College of Business,Federal Contract & Procurement Management (Graduate Certificate),Graduate Certificate,https://catalog.uah.edu/#/programs/BkegGZHBJh?bc=true&bcCurrent=Federal%20Contract%20%26%20Procurement%20Management%20(Graduate%20Certificate)%20&bcGroup=College%20of%20Business&bcItemType=programs
College of Business,Finance (BSBA),BSBA,https://catalog.uah.edu/#/programs/SJzxG-rrkn?bc=true&bcCurrent=Finance%20(BSBA)&bcGroup=College%20of%20Business&bcItemType=programs
College of Business,"JUMP: BSBA Finance, Multiple",,https://catalog.uah.edu/#/programs/SJzxG-rrkn?bc=true&bcCurrent=JUMP%3A%20BSBA%20Finance%2C%20Multiple&bcItemType=programs
College of Business,Finance (Minor),Minor,https://catalog.uah.edu/#/programs/B1vu-Bry2?bc=true&bcCurrent=Finance%20(Minor)&bcGroup=College%20of%20Business&bcItemType=programs
College of Business,General Business (BSBA),BSBA,https://catalog.uah.edu/#/programs/ByZlzZSryh?bc=true&bcCurrent=General%20Business%20(BSBA)&bcGroup=College%20of%20Business&bcItemType=programs
College of Business,"JUMP: BSBA General Business, Multiple",,https://catalog.uah.edu/#/programs/ByZlzZSryh?bc=true&bcCurrent=JUMP%3A%20BSBA%20General%20Business%2C%20Multiple&bcItemType=programs
College of Business,Human Resource Management (Graduate Certificate),Graduate Certificate,https://catalog.uah.edu/#/programs/By-eMbHrJn?bc=true&bcCurrent=Human%20Resource%20Management%20(Graduate%20Certificate)&bcGroup=College%20of%20Business&bcItemType=programs
College of Business,Human Resource Management (Minor),Minor,https://catalog.uah.edu/#/programs/ry4DObSr1h?bc=true&bcCurrent=Human%20Resource%20Management%20(Minor)&bcGroup=College%20of%20Business&bcItemType=programs
College of Business,Human Resource Management (MSM),MSM,https://catalog.uah.edu/#/programs/HJEgGZHHk3?bc=true&bcCurrent=Human%20Resource%20Management%20(MSM)&bcGroup=College%20of%20Business&bcItemType=programs
College of Business,Information Systems (BSBA),BSBA,https://catalog.uah.edu/#/programs/BkefZSS1n?bc=true&bcCurrent=Information%20Systems%20(BSBA)&bcGroup=College%20of%20Business&bcItemType=programs
College of Business,Cybersecurity (Concentration),Concentration,https://catalog.uah.edu/#/programs/BkefZSS1n?bc=true&bcCurrent=Cybersecurity%20(Concentration)&bcItemType=programs
College of Business,"Information Systems, General (Concentration)",Concentration,https://catalog.uah.edu/#/programs/BkefZSS1n?bc=true&bcCurrent=Information%20Systems%2C%20General%20(Concentration)&bcItemType=programs
College of Business,"JUMP: BSBA Information Systems, Multiple",,https://catalog.uah.edu/#/programs/BkefZSS1n?bc=true&bcCurrent=JUMP%3A%20BSBA%20Information%20Systems%2C%20Multiple&bcItemType=programs
College of Business,Information Systems (Minor),Minor,https://catalog.uah.edu/#/programs/H1bwu-HHkh?bc=true&bcCurrent=Information%20Systems%20(Minor)&bcGroup=College%20of%20Business&bcItemType=programs
College of Business,Information Systems (MSIS),MSIS,https://catalog.uah.edu/#/programs/r1feG-rH12?bc=true&bcCurrent=Information%20Systems%20(MSIS)&bcGroup=College%20of%20Business&bcItemType=programs
College of Business,MSIS Accounting (Concentration),Concentration,https://catalog.uah.edu/#/programs/r1feG-rH12?bc=true&bcCurrent=MSIS%20Accounting%20(Concentration)&bcItemType=programs
College of Business,Management (BSBA),BSBA,https://catalog.uah.edu/#/programs/SkeGbrSyh?bc=true&bcCurrent=Management%20(BSBA)&bcGroup=College%20of%20Business&bcItemType=programs
College of Business,Acquisition Management (Concentration),Concentration,https://catalog.uah.edu/#/programs/SkeGbrSyh?bc=true&bcCurrent=Acquisition%20Management%20(Concentration)&bcItemType=programs
College of Business,Human Resource Management (Concentration),Concentration,https://catalog.uah.edu/#/programs/SkeGbrSyh?bc=true&bcCurrent=Human%20Resource%20Management%20(Concentration)&bcItemType=programs
College of Business,"JUMP: BSBA Management, Multiple",,https://catalog.uah.edu/#/programs/SkeGbrSyh?bc=true&bcCurrent=JUMP%3A%20BSBA%20Management%2C%20Multiple&bcItemType=programs
College of Business,"Management, General (Concentration)",Concentration,https://catalog.uah.edu/#/programs/SkeGbrSyh?bc=true&bcCurrent=Management%2C%20General%20(Concentration)&bcItemType=programs
College of Business,Supply Chain Management (Concentration),Concentration,https://catalog.uah.edu/#/programs/SkeGbrSyh?bc=true&bcCurrent=Supply%20Chain%20Management%20(Concentration)&bcItemType=programs
College of Business,Management (MBA),MBA,https://catalog.uah.edu/#/programs/BkZezZHrkn?bc=true&bcCurrent=Management%20(MBA)&bcGroup=College%20of%20Business&bcItemType=programs
College of Business,MBA Accounting,,https://catalog.uah.edu/#/programs/BkZezZHrkn?bc=true&bcCurrent=MBA%20Accounting&bcItemType=programs
College of Business,MBA Business Analytics (Concentration),Concentration,https://catalog.uah.edu/#/programs/BkZezZHrkn?bc=true&bcCurrent=MBA%20Business%20Analytics%20(Concentration)&bcItemType=programs
College of Business,MBA Cybersecurity (Concentration),Concentration,https://catalog.uah.edu/#/programs/BkZezZHrkn?bc=true&bcCurrent=MBA%20Cybersecurity%20(Concentration)&bcItemType=programs
College of Business,MBA Engineering Management (Concentration),Concentration,https://catalog.uah.edu/#/programs/BkZezZHrkn?bc=true&bcCurrent=MBA%20Engineering%20Management%20(Concentration)&bcItemType=programs
College of Business,MBA Federal Contract & Procurement Management (Concentration),Concentration,https://catalog.uah.edu/#/programs/BkZezZHrkn?bc=true&bcCurrent=MBA%20Federal%20Contract%20%26%20Procurement%20Management%20(Concentration)&bcItemType=programs
College of Business,MBA Information Systems (Concentration),Concentration,https://catalog.uah.edu/#/programs/BkZezZHrkn?bc=true&bcCurrent=MBA%20Information%20Systems%20(Concentration)&bcItemType=programs
College of Business,"MBA Management, General (Concentration)",Concentration,https://catalog.uah.edu/#/programs/BkZezZHrkn?bc=true&bcCurrent=MBA%20Management%2C%20General%20(Concentration)&bcItemType=programs
College of Business,MBA Marketing (Concentration),Concentration,https://catalog.uah.edu/#/programs/BkZezZHrkn?bc=true&bcCurrent=MBA%20Marketing%20(Concentration)&bcItemType=programs
College of Business,MBA Supply Chain Management (Concentration),Concentration,https://catalog.uah.edu/#/programs/BkZezZHrkn?bc=true&bcCurrent=MBA%20Supply%20Chain%20Management%20(Concentration)&bcItemType=programs
College of Business,MBA Technology & Innovation Management (Concentration),Concentration,https://catalog.uah.edu/#/programs/BkZezZHrkn?bc=true&bcCurrent=MBA%20Technology%20%26%20Innovation%20Management%20(Concentration)&bcItemType=programs
College of Business,Management and Leadership (Minor),Minor,https://catalog.uah.edu/#/programs/H1-IO-HSy2?bc=true&bcCurrent=Management%20and%20Leadership%20(Minor)&bcGroup=College%20of%20Business&bcItemType=programs
College of Business,Marketing (BSBA),BSBA,https://catalog.uah.edu/#/programs/ByglGZSS12?bc=true&bcCurrent=Marketing%20(BSBA)&bcGroup=College%20of%20Business&bcItemType=programs
College of Business,Digital Marketing (Concentration),Concentration,https://catalog.uah.edu/#/programs/ByglGZSS12?bc=true&bcCurrent=Digital%20Marketing%20(Concentration)&bcItemType=programs
College of Business,"JUMP: BSBA Marketing, Multiple",,https://catalog.uah.edu/#/programs/ByglGZSS12?bc=true&bcCurrent=JUMP%3A%20BSBA%20Marketing%2C%20Multiple&bcItemType=programs
College of Business,"Marketing, General (Concentration)",Concentration,https://catalog.uah.edu/#/programs/ByglGZSS12?bc=true&bcCurrent=Marketing%2C%20General%20(Concentration)&bcItemType=programs
College of Business,Supply Chain in Marketing (Concentration),Concentration,https://catalog.uah.edu/#/programs/ByglGZSS12?bc=true&bcCurrent=Supply%20Chain%20in%20Marketing%20(Concentration)&bcItemType=programs
College of Business,Marketing (Minor),Minor,https://catalog.uah.edu/#/programs/SyDu-rHJ3?bc=true&bcCurrent=Marketing%20(Minor)&bcGroup=College%20of%20Business&bcItemType=programs
College of Business,Supply Chain Management (Graduate Certificate),Graduate Certificate,https://catalog.uah.edu/#/programs/SJ7xMbrS1h?bc=true&bcCurrent=Supply%20Chain%20Management%20(Graduate%20Certificate)&bcGroup=College%20of%20Business&bcItemType=programs
College of Business,Supply Chain Management (MS),MS,https://catalog.uah.edu/#/programs/rJGlfWHH13?bc=true&bcCurrent=Supply%20Chain%20Management%20(MS)&bcGroup=College%20of%20Business&bcItemType=programs
College of Business,"Technology, Innovation Management, and Entrepreneurship (Graduate Certificate)",Graduate Certificate,https://catalog.uah.edu/#/programs/Byggf-SHk3?bc=true&bcCurrent=Technology%2C%20Innovation%20Management%2C%20and%20Entrepreneurship%20(Graduate%20Certificate)&bcGroup=College%20of%20Business&bcItemType=programs
"College of Education, Sport, and Human Sciences",Applied Behavior Analysis (MS),MS,https://catalog.uah.edu/#/programs/SyX6SbBr1n?bc=true&bcCurrent=Applied%20Behavior%20Analysis%20(MS)&bcGroup=College%20of%20Education%2C%20Sport%2C%20and%20Human%20Sciences&bcItemType=programs
"College of Education, Sport, and Human Sciences",Autism Spectrum Disorder (Graduate Certificate),Graduate Certificate,https://catalog.uah.edu/#/programs/ry2rZrBJn?bc=true&bcCurrent=Autism%20Spectrum%20Disorder%20(Graduate%20Certificate)&bcGroup=College%20of%20Education%2C%20Sport%2C%20and%20Human%20Sciences&bcItemType=programs
"College of Education, Sport, and Human Sciences","Child, Family, Community Development (BS)",BS,https://catalog.uah.edu/#/programs/HJTH-BSJn?bc=true&bcCurrent=Child%2C%20Family%2C%20Community%20Development%20(BS)&bcGroup=College%20of%20Education%2C%20Sport%2C%20and%20Human%20Sciences&bcItemType=programs
"College of Education, Sport, and Human Sciences",Early Learning & Family Resources (Concentration),Concentration,https://catalog.uah.edu/#/programs/HJTH-BSJn?bc=true&bcCurrent=Early%20Learning%20%26%20Family%20Resources%20(Concentration)&bcItemType=programs
"College of Education, Sport, and Human Sciences",Recreation & Community Leadership (Concentration),Concentration,https://catalog.uah.edu/#/programs/HJTH-BSJn?bc=true&bcCurrent=Recreation%20%26%20Community%20Leadership%20(Concentration)&bcItemType=programs
"College of Education, Sport, and Human Sciences",Coaching (Minor),Minor,https://catalog.uah.edu/#/programs/SygD_-rHk3?bc=true&bcCurrent=Coaching%20(Minor)&bcGroup=College%20of%20Education%2C%20Sport%2C%20and%20Human%20Sciences&bcItemType=programs
"College of Education, Sport, and Human Sciences",Differentiated Instruction (MEd),MEd,https://catalog.uah.edu/#/programs/rk6HbSB1h?bc=true&bcCurrent=Differentiated%20Instruction%20(MEd)&bcGroup=College%20of%20Education%2C%20Sport%2C%20and%20Human%20Sciences&bcItemType=programs
"College of Education, Sport, and Human Sciences",Autism Spectrum Disorder (Concentration),Concentration,https://catalog.uah.edu/#/programs/rk6HbSB1h?bc=true&bcCurrent=Autism%20Spectrum%20Disorder%20(Concentration)&bcItemType=programs
"College of Education, Sport, and Human Sciences",Elementary Education Differentiated (Concentration),Concentration,https://catalog.uah.edu/#/programs/rk6HbSB1h?bc=true&bcCurrent=Elementary%20Education%20Differentiated%20(Concentration)&bcItemType=programs
"College of Education, Sport, and Human Sciences",English Speakers of Other Languages (Concentration),Concentration,https://catalog.uah.edu/#/programs/rk6HbSB1h?bc=true&bcCurrent=English%20Speakers%20of%20Other%20Languages%20(Concentration)&bcItemType=programs
"College of Education, Sport, and Human Sciences",Instructional Leadership (Concentration),Concentration,https://catalog.uah.edu/#/programs/rk6HbSB1h?bc=true&bcCurrent=Instructional%20Leadership%20(Concentration)&bcItemType=programs
"College of Education, Sport, and Human Sciences",Secondary Education Biology (Concentration),Concentration,https://catalog.uah.edu/#/programs/rk6HbSB1h?bc=true&bcCurrent=Secondary%20Education%20Biology%20(Concentration)&bcItemType=programs
"College of Education, Sport, and Human Sciences",Secondary Education Chemistry (Concentration),Concentration,https://catalog.uah.edu/#/programs/rk6HbSB1h?bc=true&bcCurrent=Secondary%20Education%20Chemistry%20(Concentration)&bcItemType=programs
"College of Education, Sport, and Human Sciences",Secondary Education English (Concentration),Concentration,https://catalog.uah.edu/#/programs/rk6HbSB1h?bc=true&bcCurrent=Secondary%20Education%20English%20(Concentration)&bcItemType=programs
"College of Education, Sport, and Human Sciences",Secondary Education History (Concentration),Concentration,https://catalog.uah.edu/#/programs/rk6HbSB1h?bc=true&bcCurrent=Secondary%20Education%20History%20(Concentration)&bcItemType=programs
"College of Education, Sport, and Human Sciences",Secondary Education Math (Concentration),Concentration,https://catalog.uah.edu/#/programs/rk6HbSB1h?bc=true&bcCurrent=Secondary%20Education%20Math%20(Concentration)&bcItemType=programs
"College of Education, Sport, and Human Sciences",Secondary Education Physics (Concentration),Concentration,https://catalog.uah.edu/#/programs/rk6HbSB1h?bc=true&bcCurrent=Secondary%20Education%20Physics%20(Concentration)&bcItemType=programs
"College of Education, Sport, and Human Sciences",Early Childhood and Early Childhood Special Education PK-3 (BS),BS,https://catalog.uah.edu/#/programs/SkepHZBBk2?bc=true&bcCurrent=Early%20Childhood%20and%20Early%20Childhood%20Special%20%20Education%20PK-3%20(BS)&bcGroup=College%20of%20Education%2C%20Sport%2C%20and%20Human%20Sciences&bcItemType=programs
"College of Education, Sport, and Human Sciences",Elementary Education (BA),BA,https://catalog.uah.edu/#/programs/HyZxz-SHJ2?bc=true&bcCurrent=Elementary%20Education%20(BA)&bcGroup=College%20of%20Education%2C%20Sport%2C%20and%20Human%20Sciences&bcItemType=programs
"College of Education, Sport, and Human Sciences",Collaborative (Concentration),Concentration,https://catalog.uah.edu/#/programs/HyZxz-SHJ2?bc=true&bcCurrent=Collaborative%20(Concentration)&bcItemType=programs
"College of Education, Sport, and Human Sciences","Elementary Education, General (Concentration)",Concentration,https://catalog.uah.edu/#/programs/HyZxz-SHJ2?bc=true&bcCurrent=Elementary%20Education%2C%20General%20(Concentration)&bcItemType=programs
"College of Education, Sport, and Human Sciences",Language and Culture (Concentration),Concentration,https://catalog.uah.edu/#/programs/HyZxz-SHJ2?bc=true&bcCurrent=Language%20and%20Culture%20(Concentration)&bcItemType=programs
"College of Education, Sport, and Human Sciences",Elementary Education (MAT),MAT,https://catalog.uah.edu/#/programs/BJl3rWHB12?bc=true&bcCurrent=Elementary%20Education%20(MAT)&bcGroup=College%20of%20Education%2C%20Sport%2C%20and%20Human%20Sciences&bcItemType=programs
"College of Education, Sport, and Human Sciences",Kinesiology (BS),BS,https://catalog.uah.edu/#/programs/SynSZBrk3?bc=true&bcCurrent=Kinesiology%20(BS)&bcGroup=College%20of%20Education%2C%20Sport%2C%20and%20Human%20Sciences&bcItemType=programs
"College of Education, Sport, and Human Sciences",Exercise Science (Concentration),Concentration,https://catalog.uah.edu/#/programs/SynSZBrk3?bc=true&bcCurrent=Exercise%20Science%20(Concentration)&bcItemType=programs
"College of Education, Sport, and Human Sciences","JUMP: BS KIN (Exercise Science), Physical Education (MAT PCH)",Exercise Science,https://catalog.uah.edu/#/programs/SynSZBrk3?bc=true&bcCurrent=JUMP%3A%20BS%20KIN%20(Exercise%20Science)%2C%20Physical%20Education%20(MAT%20PCH)&bcItemType=programs
"College of Education, Sport, and Human Sciences",Physical Education P-12 (Concentration),Concentration,https://catalog.uah.edu/#/programs/SynSZBrk3?bc=true&bcCurrent=Physical%20Education%20P-12%20(Concentration)&bcItemType=programs
"College of Education, Sport, and Human Sciences",Kinesiology (MS),MS,https://catalog.uah.edu/#/programs/S13HWHrk3?bc=true&bcCurrent=Kinesiology%20(MS)&bcGroup=College%20of%20Education%2C%20Sport%2C%20and%20Human%20Sciences&bcItemType=programs
"College of Education, Sport, and Human Sciences",Clinical Exercise Physiology (Concentration),Concentration,https://catalog.uah.edu/#/programs/S13HWHrk3?bc=true&bcCurrent=Clinical%20Exercise%20Physiology%20(Concentration)&bcItemType=programs
"College of Education, Sport, and Human Sciences",Sports Science (Concentration),Concentration,https://catalog.uah.edu/#/programs/S13HWHrk3?bc=true&bcCurrent=Sports%20Science%20(Concentration)&bcItemType=programs
"College of Education, Sport, and Human Sciences",Nutrition (Minor),Minor,https://catalog.uah.edu/#/programs/B1DuWHrJn?bc=true&bcCurrent=Nutrition%20(Minor)&bcGroup=College%20of%20Education%2C%20Sport%2C%20and%20Human%20Sciences&bcItemType=programs
"College of Education, Sport, and Human Sciences",P-12 Education (MAT),MAT,https://catalog.uah.edu/#/programs/HknBZHBJ3?bc=true&bcCurrent=P-12%20Education%20(MAT)&bcGroup=College%20of%20Education%2C%20Sport%2C%20and%20Human%20Sciences&bcItemType=programs
"College of Education, Sport, and Human Sciences",Music Choral (Concentration),Concentration,https://catalog.uah.edu/#/programs/HknBZHBJ3?bc=true&bcCurrent=Music%20Choral%20(Concentration)&bcItemType=programs
"College of Education, Sport, and Human Sciences",Music Instrumental (Concentration),Concentration,https://catalog.uah.edu/#/programs/HknBZHBJ3?bc=true&bcCurrent=Music%20Instrumental%20(Concentration)&bcItemType=programs
"College of Education, Sport, and Human Sciences",Physical Education (Concentration),Concentration,https://catalog.uah.edu/#/programs/HknBZHBJ3?bc=true&bcCurrent=Physical%20Education%20(Concentration)&bcItemType=programs
"College of Education, Sport, and Human Sciences",Secondary Education (BS),BS,https://catalog.uah.edu/#/programs/SylzWBry2?bc=true&bcCurrent=Secondary%20Education%20(BS)&bcGroup=College%20of%20Education%2C%20Sport%2C%20and%20Human%20Sciences&bcItemType=programs
"College of Education, Sport, and Human Sciences",Secondary Education Biology (Concentration),Concentration,https://catalog.uah.edu/#/programs/SylzWBry2?bc=true&bcCurrent=Secondary%20Education%20Biology%20(Concentration)&bcItemType=programs
"College of Education, Sport, and Human Sciences",Secondary Education Biology General Science (Concentration),Concentration,https://catalog.uah.edu/#/programs/SylzWBry2?bc=true&bcCurrent=Secondary%20Education%20Biology%20General%20Science%20(Concentration)&bcItemType=programs
"College of Education, Sport, and Human Sciences",Secondary Education Chemistry (Concentration),Concentration,https://catalog.uah.edu/#/programs/SylzWBry2?bc=true&bcCurrent=Secondary%20Education%20Chemistry%20(Concentration)&bcItemType=programs
"College of Education, Sport, and Human Sciences",Secondary Education English (Concentration),Concentration,https://catalog.uah.edu/#/programs/SylzWBry2?bc=true&bcCurrent=Secondary%20Education%20English%20(Concentration)&bcItemType=programs
"College of Education, Sport, and Human Sciences",Secondary Education Foreign Language (Concentration),Concentration,https://catalog.uah.edu/#/programs/SylzWBry2?bc=true&bcCurrent=Secondary%20Education%20Foreign%20Language%20(Concentration)&bcItemType=programs
"College of Education, Sport, and Human Sciences",Secondary Education History (Concentration),Concentration,https://catalog.uah.edu/#/programs/SylzWBry2?bc=true&bcCurrent=Secondary%20Education%20History%20(Concentration)&bcItemType=programs
"College of Education, Sport, and Human Sciences",Secondary Education History Social Studies (Concentration),Concentration,https://catalog.uah.edu/#/programs/SylzWBry2?bc=true&bcCurrent=Secondary%20Education%20History%20Social%20Studies%20(Concentration)&bcItemType=programs
"College of Education, Sport, and Human Sciences",Secondary Education Math (Concentration),Concentration,https://catalog.uah.edu/#/programs/SylzWBry2?bc=true&bcCurrent=Secondary%20Education%20Math%20(Concentration)&bcItemType=programs
"College of Education, Sport, and Human Sciences",Secondary Education Physics (Concentration),Concentration,https://catalog.uah.edu/#/programs/SylzWBry2?bc=true&bcCurrent=Secondary%20Education%20Physics%20(Concentration)&bcItemType=programs
"College of Education, Sport, and Human Sciences",Secondary Education (MAT),MAT,https://catalog.uah.edu/#/programs/ryG6SZSBy3?bc=true&bcCurrent=Secondary%20Education%20(MAT)&bcGroup=College%20of%20Education%2C%20Sport%2C%20and%20Human%20Sciences&bcItemType=programs
"College of Education, Sport, and Human Sciences",Biological Science (Concentration),Concentration,https://catalog.uah.edu/#/programs/ryG6SZSBy3?bc=true&bcCurrent=Biological%20Science%20(Concentration)&bcItemType=programs
"College of Education, Sport, and Human Sciences",Chemistry (Concentration),Concentration,https://catalog.uah.edu/#/programs/ryG6SZSBy3?bc=true&bcCurrent=Chemistry%20(Concentration)&bcItemType=programs
"College of Education, Sport, and Human Sciences",English (Concentration),Concentration,https://catalog.uah.edu/#/programs/ryG6SZSBy3?bc=true&bcCurrent=English%20(Concentration)&bcItemType=programs
"College of Education, Sport, and Human Sciences",English Speakers of Other Languages (Concentration),Concentration,https://catalog.uah.edu/#/programs/ryG6SZSBy3?bc=true&bcCurrent=English%20Speakers%20of%20Other%20Languages%20(Concentration)&bcItemType=programs
"College of Education, Sport, and Human Sciences",History (Concentration),Concentration,https://catalog.uah.edu/#/programs/ryG6SZSBy3?bc=true&bcCurrent=History%20(Concentration)&bcItemType=programs
"College of Education, Sport, and Human Sciences",Mathematics (Concentration),Concentration,https://catalog.uah.edu/#/programs/ryG6SZSBy3?bc=true&bcCurrent=Mathematics%20(Concentration)&bcItemType=programs
"College of Education, Sport, and Human Sciences",Physics (Concentration),Concentration,https://catalog.uah.edu/#/programs/ryG6SZSBy3?bc=true&bcCurrent=Physics%20(Concentration)&bcItemType=programs
"College of Education, Sport, and Human Sciences",Sport & Fitness Management (BS),BS,https://catalog.uah.edu/#/programs/rk-6HbSrJ2?bc=true&bcCurrent=Sport%20%26%20Fitness%20Management%20(BS)&bcGroup=College%20of%20Education%2C%20Sport%2C%20and%20Human%20Sciences&bcItemType=programs
"College of Education, Sport, and Human Sciences",Sport and Fitness Business (Concentration),Concentration,https://catalog.uah.edu/#/programs/rk-6HbSrJ2?bc=true&bcCurrent=Sport%20and%20Fitness%20Business%20(Concentration)&bcItemType=programs
"College of Education, Sport, and Human Sciences",Sport Coaching and Leadership (Concentration),Concentration,https://catalog.uah.edu/#/programs/rk-6HbSrJ2?bc=true&bcCurrent=Sport%20Coaching%20and%20Leadership%20(Concentration)&bcItemType=programs
"College of Education, Sport, and Human Sciences",Teaching English as a Second Language (Graduate Certificate),Graduate Certificate,https://catalog.uah.edu/#/programs/ryNlzWBSJn?bc=true&bcCurrent=Teaching%20English%20as%20a%20Second%20Language%20(Graduate%20Certificate)&bcGroup=College%20of%20Education%2C%20Sport%2C%20and%20Human%20Sciences&bcItemType=programs
College of Engineering,Aerospace Engineering (BSAE),BSAE,https://catalog.uah.edu/#/programs/Bk-TrWSrkn?bc=true&bcCurrent=Aerospace%20Engineering%20(BSAE)&bcGroup=College%20of%20Engineering&bcItemType=programs
College of Engineering,"JUMP: BSAE, Aerospace Systems Engineering (MS)",MS,https://catalog.uah.edu/#/programs/Bk-TrWSrkn?bc=true&bcCurrent=JUMP%3A%20BSAE%2C%20Aerospace%20Systems%20Engineering%20(MS)&bcItemType=programs
College of Engineering,"JUMP: BSAE, Mechanical Engineering (MSE)",MSE,https://catalog.uah.edu/#/programs/Bk-TrWSrkn?bc=true&bcCurrent=JUMP%3A%20BSAE%2C%20Mechanical%20Engineering%20(MSE)&bcItemType=programs
College of Engineering,Aerospace Systems Engineering (MS),MS,https://catalog.uah.edu/#/programs/HyG3rbBSy3?bc=true&bcCurrent=Aerospace%20Systems%20Engineering%20(MS)&bcGroup=College%20of%20Engineering&bcItemType=programs
College of Engineering,Aerospace Systems Engineering (PhD),PhD,https://catalog.uah.edu/#/programs/H1GnSWHBkh?bc=true&bcCurrent=Aerospace%20Systems%20Engineering%20(PhD)&bcGroup=College%20of%20Engineering&bcItemType=programs
College of Engineering,Chemical Engineering (BSCheE),BSCheE,https://catalog.uah.edu/#/programs/H1f6SZBHJh?bc=true&bcCurrent=Chemical%20Engineering%20(BSCheE)&bcGroup=College%20of%20Engineering&bcItemType=programs
College of Engineering,"CHE, Biotechnology (Concentration)",Concentration,https://catalog.uah.edu/#/programs/H1f6SZBHJh?bc=true&bcCurrent=CHE%2C%20Biotechnology%20(Concentration)&bcItemType=programs
College of Engineering,"CHE, Materials (Concentration)",Concentration,https://catalog.uah.edu/#/programs/H1f6SZBHJh?bc=true&bcCurrent=CHE%2C%20Materials%20(Concentration)&bcItemType=programs
College of Engineering,"JUMP: BSCHEE, Chemical Engineering (MSE)",MSE,https://catalog.uah.edu/#/programs/H1f6SZBHJh?bc=true&bcCurrent=JUMP%3A%20BSCHEE%2C%20Chemical%20Engineering%20(MSE)&bcItemType=programs
College of Engineering,Chemical Engineering (MSE),MSE,https://catalog.uah.edu/#/programs/rJnSZrSk3?bc=true&bcCurrent=Chemical%20Engineering%20(MSE)&bcGroup=College%20of%20Engineering&bcItemType=programs
College of Engineering,Civil Engineering (BSCE),BSCE,https://catalog.uah.edu/#/programs/B12BWBBkn?bc=true&bcCurrent=Civil%20Engineering%20(BSCE)&bcGroup=College%20of%20Engineering&bcItemType=programs
College of Engineering,"CE, Environmental (Concentration)",Concentration,https://catalog.uah.edu/#/programs/B12BWBBkn?bc=true&bcCurrent=CE%2C%20Environmental%20(Concentration)&bcItemType=programs
College of Engineering,"CE, General (Concentration)",Concentration,https://catalog.uah.edu/#/programs/B12BWBBkn?bc=true&bcCurrent=CE%2C%20General%20(Concentration)&bcItemType=programs
College of Engineering,"CE, Structural (Concentration)",Concentration,https://catalog.uah.edu/#/programs/B12BWBBkn?bc=true&bcCurrent=CE%2C%20Structural%20(Concentration)&bcItemType=programs
College of Engineering,"CE, Transportation (Concentration)",Concentration,https://catalog.uah.edu/#/programs/B12BWBBkn?bc=true&bcCurrent=CE%2C%20Transportation%20(Concentration)&bcItemType=programs
College of Engineering,"JUMP: BSCE, Civil Engineering (MSE)",MSE,https://catalog.uah.edu/#/programs/B12BWBBkn?bc=true&bcCurrent=JUMP%3A%20BSCE%2C%20Civil%20Engineering%20(MSE)&bcItemType=programs
College of Engineering,Civil Engineering (MSE),MSE,https://catalog.uah.edu/#/programs/Sy6SWrByn?bc=true&bcCurrent=Civil%20Engineering%20(MSE)&bcGroup=College%20of%20Engineering&bcItemType=programs
College of Engineering,Civil Engineering (PhD),PhD,https://catalog.uah.edu/#/programs/ryBaH-HSkh?bc=true&bcCurrent=Civil%20Engineering%20(PhD)&bcGroup=College%20of%20Engineering&bcItemType=programs
College of Engineering,Computer Engineering (BSCPE),BSCPE,https://catalog.uah.edu/#/programs/SypH-BrJ3?bc=true&bcCurrent=Computer%20Engineering%20(BSCPE)&bcGroup=College%20of%20Engineering&bcItemType=programs
College of Engineering,"CPE, Cybersecurity (Concentration)",Concentration,https://catalog.uah.edu/#/programs/SypH-BrJ3?bc=true&bcCurrent=CPE%2C%20Cybersecurity%20(Concentration)&bcItemType=programs
College of Engineering,"CPE, General (Concentration)",Concentration,https://catalog.uah.edu/#/programs/SypH-BrJ3?bc=true&bcCurrent=CPE%2C%20General%20(Concentration)&bcItemType=programs
College of Engineering,"JUMP: BSCPE, Computer Engineering (MSE)",MSE,https://catalog.uah.edu/#/programs/SypH-BrJ3?bc=true&bcCurrent=JUMP%3A%20BSCPE%2C%20Computer%20Engineering%20(MSE)&bcItemType=programs
College of Engineering,"JUMP: BSCPE, Cyber Security - Computer Engineering Track (MSCBS)",MSCBS,https://catalog.uah.edu/#/programs/SypH-BrJ3?bc=true&bcCurrent=JUMP%3A%20BSCPE%2C%20Cyber%20Security%20-%20%20Computer%20Engineering%20Track%20(MSCBS)&bcItemType=programs
College of Engineering,"JUMP: BSCPE, Electrical Engineering (MSE)",MSE,https://catalog.uah.edu/#/programs/SypH-BrJ3?bc=true&bcCurrent=JUMP%3A%20BSCPE%2C%20Electrical%20Engineering%20(MSE)&bcItemType=programs
College of Engineering,"JUMP: BSCPE, Software Engineering - Computer Engineering Track (MSSE)",MSSE,https://catalog.uah.edu/#/programs/SypH-BrJ3?bc=true&bcCurrent=JUMP%3A%20BSCPE%2C%20Software%20Engineering%20-%20%20Computer%20Engineering%20Track%20(MSSE)&bcItemType=programs
College of Engineering,Computer Engineering (MSE),MSE,https://catalog.uah.edu/#/programs/r1TBZSB13?bc=true&bcCurrent=Computer%20Engineering%20(MSE)&bcGroup=College%20of%20Engineering&bcItemType=programs
College of Engineering,Computer Engineering (MSSE),MSSE,https://catalog.uah.edu/#/programs/S16S-HrJn?bc=true&bcCurrent=Computer%20Engineering%20(MSSE)&bcGroup=College%20of%20Engineering&bcItemType=programs
College of Engineering,Computer Engineering (PhD),PhD,https://catalog.uah.edu/#/programs/SkVaS-BBkh?bc=true&bcCurrent=Computer%20Engineering%20(PhD)&bcGroup=College%20of%20Engineering&bcItemType=programs
College of Engineering,Cybersecurity (MS),MS,https://catalog.uah.edu/#/programs/BJ3rZrHyh?bc=true&bcCurrent=Cybersecurity%20(MS)&bcGroup=College%20of%20Engineering&bcItemType=programs
College of Engineering,Cybersecurity Engineering (BS),BS,https://catalog.uah.edu/#/programs/B1eprbSS1n?bc=true&bcCurrent=Cybersecurity%20Engineering%20(BS)&bcGroup=College%20of%20Engineering&bcItemType=programs
College of Engineering,"JUMP: BS CYBER, Cybersecurity - Computer Engineering Track (MSCBS)",MSCBS,https://catalog.uah.edu/#/programs/B1eprbSS1n?bc=true&bcCurrent=JUMP%3A%20BS%20CYBER%2C%20Cybersecurity%20-%20Computer%20Engineering%20Track%20(MSCBS)&bcItemType=programs
College of Engineering,Electrical Engineering (BSEE),BSEE,https://catalog.uah.edu/#/programs/BJ-2SWBSyn?bc=true&bcCurrent=Electrical%20Engineering%20(BSEE)&bcGroup=College%20of%20Engineering&bcItemType=programs
College of Engineering,"Electrical Engineering, General (Concentration)",Concentration,https://catalog.uah.edu/#/programs/BJ-2SWBSyn?bc=true&bcCurrent=Electrical%20Engineering%2C%20General%20(Concentration)&bcItemType=programs
College of Engineering,"JUMP: BSEE, Computer Engineering (MSE)",MSE,https://catalog.uah.edu/#/programs/BJ-2SWBSyn?bc=true&bcCurrent=JUMP%3A%20BSEE%2C%20Computer%20Engineering%20(MSE)&bcItemType=programs
College of Engineering,"JUMP: BSEE, Electrical Engineering (MSE)",MSE,https://catalog.uah.edu/#/programs/BJ-2SWBSyn?bc=true&bcCurrent=JUMP%3A%20BSEE%2C%20Electrical%20Engineering%20(MSE)&bcItemType=programs
College of Engineering,Optics and Photonics Technology (Concentration),Concentration,https://catalog.uah.edu/#/programs/BJ-2SWBSyn?bc=true&bcCurrent=Optics%20and%20Photonics%20Technology%20(Concentration)&bcItemType=programs
College of Engineering,Electrical Engineering (MSE),MSE,https://catalog.uah.edu/#/programs/H1b6SZBSyn?bc=true&bcCurrent=Electrical%20Engineering%20(MSE)&bcGroup=College%20of%20Engineering&bcItemType=programs
College of Engineering,"Electrical Engineering, General (Concentration)",Concentration,https://catalog.uah.edu/#/programs/H1b6SZBSyn?bc=true&bcCurrent=Electrical%20Engineering%2C%20General%20(Concentration)&bcItemType=programs
College of Engineering,Electrical Engineering (PhD),PhD,https://catalog.uah.edu/#/programs/BJgaHZHBkh?bc=true&bcCurrent=Electrical%20Engineering%20(PhD)&bcGroup=College%20of%20Engineering&bcItemType=programs
College of Engineering,Industrial & Systems Engineering (BSISE),BSISE,https://catalog.uah.edu/#/programs/HkxaHWHrkh?bc=true&bcCurrent=Industrial%20%26%20Systems%20Engineering%20(BSISE)&bcGroup=College%20of%20Engineering&bcItemType=programs
College of Engineering,"JUMP: BSISE, Industrial & Systems Engineering (MSE)",MSE,https://catalog.uah.edu/#/programs/HkxaHWHrkh?bc=true&bcCurrent=JUMP%3A%20BSISE%2C%20Industrial%20%26%20Systems%20Engineering%20(MSE)&bcItemType=programs
College of Engineering,Industrial & Systems Engineering (MSE),MSE,https://catalog.uah.edu/#/programs/H1g2BWHByh?bc=true&bcCurrent=Industrial%20%26%20Systems%20Engineering%20(MSE)&bcGroup=College%20of%20Engineering&bcItemType=programs
College of Engineering,Engineering Management (Concentration),Concentration,https://catalog.uah.edu/#/programs/H1g2BWHByh?bc=true&bcCurrent=Engineering%20Management%20(Concentration)&bcItemType=programs
College of Engineering,Industrial Engineering (Concentration),Concentration,https://catalog.uah.edu/#/programs/H1g2BWHByh?bc=true&bcCurrent=Industrial%20Engineering%20(Concentration)&bcItemType=programs
College of Engineering,Systems Engineering (Concentration),Concentration,https://catalog.uah.edu/#/programs/H1g2BWHByh?bc=true&bcCurrent=Systems%20Engineering%20(Concentration)&bcItemType=programs
College of Engineering,Industrial & Systems Engineering (PhD),PhD,https://catalog.uah.edu/#/programs/Ske6HbrH13?bc=true&bcCurrent=Industrial%20%26%20Systems%20Engineering%20(PhD)&bcGroup=College%20of%20Engineering&bcItemType=programs
College of Engineering,Engineering Management (Concentration),Concentration,https://catalog.uah.edu/#/programs/Ske6HbrH13?bc=true&bcCurrent=Engineering%20Management%20(Concentration)&bcItemType=programs
College of Engineering,Industrial Engineering (Concentration),Concentration,https://catalog.uah.edu/#/programs/Ske6HbrH13?bc=true&bcCurrent=Industrial%20Engineering%20(Concentration)&bcItemType=programs
College of Engineering,Systems Engineering (Concentration),Concentration,https://catalog.uah.edu/#/programs/Ske6HbrH13?bc=true&bcCurrent=Systems%20Engineering%20(Concentration)&bcItemType=programs
College of Engineering,Materials Science (MS),MS,https://catalog.uah.edu/#/programs/SkGaBWBBk2?bc=true&bcCurrent=Materials%20Science%20(MS)&bcGroup=College%20of%20Engineering&bcItemType=programs
College of Engineering,Materials Science (PhD),PhD,https://catalog.uah.edu/#/programs/Bkl2BZHBJh?bc=true&bcCurrent=Materials%20Science%20(PhD)&bcGroup=College%20of%20Engineering&bcItemType=programs
College of Engineering,Mechanical Engineering (BSME),BSME,https://catalog.uah.edu/#/programs/B1lhBWBrk3?bc=true&bcCurrent=Mechanical%20Engineering%20(BSME)&bcGroup=College%20of%20Engineering&bcItemType=programs
College of Engineering,"JUMP: BSME, Aerospace Systems Engineering (MS)",MS,https://catalog.uah.edu/#/programs/B1lhBWBrk3?bc=true&bcCurrent=JUMP%3A%20BSME%2C%20Aerospace%20Systems%20Engineering%20(MS)&bcItemType=programs
College of Engineering,"JUMP: BSME, Mechanical Engineering (MSE)",MSE,https://catalog.uah.edu/#/programs/B1lhBWBrk3?bc=true&bcCurrent=JUMP%3A%20BSME%2C%20Mechanical%20Engineering%20(MSE)&bcItemType=programs
College of Engineering,Mechanical Engineering (MSE),MSE,https://catalog.uah.edu/#/programs/BJ-TrZrrJh?bc=true&bcCurrent=Mechanical%20Engineering%20(MSE)&bcGroup=College%20of%20Engineering&bcItemType=programs
College of Engineering,Mechanical Engineering (PhD),PhD,https://catalog.uah.edu/#/programs/HkWhSZrS1n?bc=true&bcCurrent=Mechanical%20Engineering%20(PhD)&bcGroup=College%20of%20Engineering&bcItemType=programs
College of Engineering,Operations Research (MSOR),MSOR,https://catalog.uah.edu/#/programs/Sk-2BZSBk3?bc=true&bcCurrent=Operations%20Research%20(MSOR)&bcGroup=College%20of%20Engineering&bcItemType=programs
College of Engineering,Optical Science & Engineering (PhD),PhD,https://catalog.uah.edu/#/programs/SyQTHWrrkn?bc=true&bcCurrent=Optical%20Science%20%26%20Engineering%20(PhD)&bcGroup=College%20of%20Engineering&bcItemType=programs
College of Nursing,Nursing (BSN),BSN,https://catalog.uah.edu/#/programs/H1ear-Br13?bc=true&bcCurrent=Nursing%20(BSN)&bcGroup=College%20of%20Nursing&bcItemType=programs
College of Nursing,"JUMP: BSN, Nursing (MSN)",MSN,https://catalog.uah.edu/#/programs/H1ear-Br13?bc=true&bcCurrent=JUMP%3A%20BSN%2C%20Nursing%20(MSN)&bcItemType=programs
College of Nursing,Nursing (Dual Degree Program) (Concentration),Dual Degree Program,https://catalog.uah.edu/#/programs/H1ear-Br13?bc=true&bcCurrent=Nursing%20(Dual%20Degree%20Program)%20(Concentration)&bcItemType=programs
College of Nursing,Nursing Accelerated (Concentration),Concentration,https://catalog.uah.edu/#/programs/H1ear-Br13?bc=true&bcCurrent=Nursing%20Accelerated%20(Concentration)&bcItemType=programs
College of Nursing,"Nursing, General (Concentration)",Concentration,https://catalog.uah.edu/#/programs/H1ear-Br13?bc=true&bcCurrent=Nursing%2C%20General%20(Concentration)&bcItemType=programs
College of Nursing,RN to BSN Nursing (Concentration),Concentration,https://catalog.uah.edu/#/programs/H1ear-Br13?bc=true&bcCurrent=RN%20to%20BSN%20Nursing%20(Concentration)&bcItemType=programs
College of Nursing,Nursing (MSN),MSN,https://catalog.uah.edu/#/programs/BJ72rWSSJ3?bc=true&bcCurrent=Nursing%20(MSN)&bcGroup=College%20of%20Nursing&bcItemType=programs
College of Nursing,Family Nurse Practitioner (Concentration),Concentration,https://catalog.uah.edu/#/programs/BJ72rWSSJ3?bc=true&bcCurrent=Family%20Nurse%20Practitioner%20(Concentration)&bcItemType=programs
College of Nursing,Nursing AGACNP (Concentration),Concentration,https://catalog.uah.edu/#/programs/BJ72rWSSJ3?bc=true&bcCurrent=Nursing%20AGACNP%20(Concentration)&bcItemType=programs
College of Nursing,Nursing Education (Concentration),Concentration,https://catalog.uah.edu/#/programs/BJ72rWSSJ3?bc=true&bcCurrent=Nursing%20Education%20(Concentration)&bcItemType=programs
College of Nursing,Nursing Executive Leadership and Administration (Concentration),Concentration,https://catalog.uah.edu/#/programs/BJ72rWSSJ3?bc=true&bcCurrent=Nursing%20Executive%20Leadership%20and%20Administration%20(Concentration)&bcItemType=programs
College of Nursing,Nursing Adult Gerontology Acute Care (Graduate Certificate),Graduate Certificate,https://catalog.uah.edu/#/programs/HyR6kNiAp?bc=true&bcCurrent=Nursing%20Adult%20Gerontology%20Acute%20Care%20(Graduate%20Certificate)%20&bcGroup=College%20of%20Nursing&bcItemType=programs
College of Nursing,Nursing Education (Graduate Certificate),Graduate Certificate,https://catalog.uah.edu/#/programs/B1baH-HHkn?bc=true&bcCurrent=Nursing%20Education%20(Graduate%20Certificate)&bcGroup=College%20of%20Nursing&bcItemType=programs
College of Nursing,Nursing Family Nurse Practitioner (Graduate Certificate),Graduate Certificate,https://catalog.uah.edu/#/programs/S1arbBS1n?bc=true&bcCurrent=Nursing%20Family%20Nurse%20Practitioner%20(Graduate%20Certificate)%20&bcGroup=College%20of%20Nursing&bcItemType=programs
College of Nursing,Nursing Practice (DNP),DNP,https://catalog.uah.edu/#/programs/rJ6BbHSy2?bc=true&bcCurrent=Nursing%20Practice%20(DNP)&bcGroup=College%20of%20Nursing&bcItemType=programs
College of Nursing,Nursing Science (PhD),PhD,https://catalog.uah.edu/#/programs/B1bnrZBSJ2?bc=true&bcCurrent=Nursing%20Science%20(PhD)&bcGroup=College%20of%20Nursing&bcItemType=programs
College of Science,Applied Statistics and Data Science (Graduate Certificate),Graduate Certificate,https://catalog.uah.edu/#/programs/SyeMTvTWR?bc=true&bcCurrent=Applied%20Statistics%20and%20Data%20Science%20(Graduate%20Certificate)&bcGroup=College%20of%20Science&bcItemType=programs
College of Science,Applied Statistics and Data Science (Undergraduate Certificate),Undergraduate Certificate,https://catalog.uah.edu/#/programs/B1-V5BpZC?bc=true&bcCurrent=Applied%20Statistics%20and%20Data%20Science%20(Undergraduate%20Certificate)&bcGroup=College%20of%20Science&bcItemType=programs
College of Science,Artificial Intelligence and Data Science (Certificate),Certificate,https://catalog.uah.edu/#/programs/HJlIOZSHy3?bc=true&bcCurrent=Artificial%20Intelligence%20and%20Data%20Science%20(Certificate)&bcGroup=College%20of%20Science&bcItemType=programs
College of Science,Artificial Intelligence and Data Science (Graduate Certificate),Graduate Certificate,https://catalog.uah.edu/#/programs/HyS_brBJn?bc=true&bcCurrent=Artificial%20Intelligence%20and%20Data%20Science%20(Graduate%20Certificate)&bcGroup=College%20of%20Science&bcItemType=programs
College of Science,Astronomy and Astrophysics (Minor),Minor,https://catalog.uah.edu/#/programs/BJQwdWSry3?bc=true&bcCurrent=Astronomy%20and%20Astrophysics%20(Minor)&bcGroup=College%20of%20Science&bcItemType=programs
College of Science,Atmospheric & Earth Science (BS),BS,https://catalog.uah.edu/#/programs/Sy-pBZBB13?bc=true&bcCurrent=Atmospheric%20%26%20Earth%20Science%20(BS)&bcGroup=College%20of%20Science&bcItemType=programs
College of Science,Atmospheric Science (Concentration),Concentration,https://catalog.uah.edu/#/programs/Sy-pBZBB13?bc=true&bcCurrent=Atmospheric%20Science%20(Concentration)&bcItemType=programs
College of Science,Earth Systems Science (Concentration),Concentration,https://catalog.uah.edu/#/programs/Sy-pBZBB13?bc=true&bcCurrent=Earth%20Systems%20Science%20(Concentration)&bcItemType=programs
College of Science,"JUMP: BS AES, Atmospheric and Earth Science (MS)",MS,https://catalog.uah.edu/#/programs/Sy-pBZBB13?bc=true&bcCurrent=JUMP%3A%20BS%20AES%2C%20Atmospheric%20and%20Earth%20Science%20(MS)&bcItemType=programs
College of Science,Atmospheric & Earth Science (MS),MS,https://catalog.uah.edu/#/programs/SkXL_WSByh?bc=true&bcCurrent=Atmospheric%20%26%20Earth%20Science%20(MS)&bcGroup=College%20of%20Science&bcItemType=programs
College of Science,Atmospheric Science (Concentration),Concentration,https://catalog.uah.edu/#/programs/SkXL_WSByh?bc=true&bcCurrent=Atmospheric%20Science%20(Concentration)&bcItemType=programs
College of Science,Earth Systems Science (Concentration),Concentration,https://catalog.uah.edu/#/programs/SkXL_WSByh?bc=true&bcCurrent=Earth%20Systems%20Science%20(Concentration)&bcItemType=programs
College of Science,Atmospheric Science (Minor),Minor,https://catalog.uah.edu/#/programs/HJzPd-BHJ3?bc=true&bcCurrent=Atmospheric%20Science%20(Minor)&bcGroup=College%20of%20Science&bcItemType=programs
College of Science,Atmospheric Science (PhD),PhD,https://catalog.uah.edu/#/programs/SygUu-SSyn?bc=true&bcCurrent=Atmospheric%20Science%20(PhD)&bcGroup=College%20of%20Science&bcItemType=programs
College of Science,Biological Sciences (BS),BS,https://catalog.uah.edu/#/programs/ryeS_-rHk2?bc=true&bcCurrent=Biological%20Sciences%20(BS)&bcGroup=College%20of%20Science&bcItemType=programs
College of Science,Biochemistry-Biology (Concentration),Concentration,https://catalog.uah.edu/#/programs/ryeS_-rHk2?bc=true&bcCurrent=Biochemistry-Biology%20(Concentration)&bcItemType=programs
College of Science,"Biology, General (No Concentration Selected)",No Concentration Selected,https://catalog.uah.edu/#/programs/ryeS_-rHk2?bc=true&bcCurrent=Biology%2C%20General%20(No%20Concentration%20Selected)&bcItemType=programs
College of Science,Ecology & Evolution (Concentration),Concentration,https://catalog.uah.edu/#/programs/ryeS_-rHk2?bc=true&bcCurrent=Ecology%20%26%20Evolution%20(Concentration)&bcItemType=programs
College of Science,"JUMP: BS BYS, Biological Sciences (MS)",MS,https://catalog.uah.edu/#/programs/ryeS_-rHk2?bc=true&bcCurrent=JUMP%3A%20BS%20BYS%2C%20Biological%20Sciences%20(MS)&bcItemType=programs
College of Science,Pre-Professional Health Careers (Concentration),Concentration,https://catalog.uah.edu/#/programs/ryeS_-rHk2?bc=true&bcCurrent=Pre-Professional%20Health%20Careers%20(Concentration)&bcItemType=programs
College of Science,Biological Sciences (MS),MS,https://catalog.uah.edu/#/programs/H1bHOZrBJ3?bc=true&bcCurrent=Biological%20Sciences%20(MS)&bcGroup=College%20of%20Science&bcItemType=programs
College of Science,"Biological Sciences, General (Concentration)",Concentration,https://catalog.uah.edu/#/programs/H1bHOZrBJ3?bc=true&bcCurrent=Biological%20Sciences%2C%20General%20(Concentration)&bcItemType=programs
College of Science,Education (Concentration),Concentration,https://catalog.uah.edu/#/programs/H1bHOZrBJ3?bc=true&bcCurrent=Education%20(Concentration)&bcItemType=programs
College of Science,Biology (Minor),Minor,https://catalog.uah.edu/#/programs/BkgPObBry2?bc=true&bcCurrent=Biology%20(Minor)&bcGroup=College%20of%20Science&bcItemType=programs
College of Science,Biotechnology Science and Engineering (PhD),PhD,https://catalog.uah.edu/#/programs/B1xIdbHHkh?bc=true&bcCurrent=Biotechnology%20Science%20and%20Engineering%20(PhD)&bcGroup=College%20of%20Science&bcItemType=programs
College of Science,Biological Sciences & Chemistry (Concentration),Concentration,https://catalog.uah.edu/#/programs/B1xIdbHHkh?bc=true&bcCurrent=Biological%20Sciences%20%26%20Chemistry%20(Concentration)&bcItemType=programs
College of Science,Chemical Engineering & Biological Sciences (Concentration),Concentration,https://catalog.uah.edu/#/programs/B1xIdbHHkh?bc=true&bcCurrent=Chemical%20Engineering%20%26%20Biological%20Sciences%20(Concentration)&bcItemType=programs
College of Science,Chemistry & Chemical Engineering (Concentration),Concentration,https://catalog.uah.edu/#/programs/B1xIdbHHkh?bc=true&bcCurrent=Chemistry%20%26%20Chemical%20Engineering%20(Concentration)&bcItemType=programs
College of Science,Chemistry (BS),BS,https://catalog.uah.edu/#/programs/SJr_-Sr1n?bc=true&bcCurrent=Chemistry%20(BS)&bcGroup=College%20of%20Science&bcItemType=programs
College of Science,Chemical Business (Concentration),Concentration,https://catalog.uah.edu/#/programs/SJr_-Sr1n?bc=true&bcCurrent=Chemical%20Business%20(Concentration)&bcItemType=programs
College of Science,Chemical Physics (Concentration),Concentration,https://catalog.uah.edu/#/programs/SJr_-Sr1n?bc=true&bcCurrent=Chemical%20Physics%20(Concentration)&bcItemType=programs
College of Science,"Chemistry, Basic (Concentration)",Concentration,https://catalog.uah.edu/#/programs/SJr_-Sr1n?bc=true&bcCurrent=Chemistry%2C%20Basic%20(Concentration)&bcItemType=programs
College of Science,"Chemistry, Biochemistry (Concentration)",Concentration,https://catalog.uah.edu/#/programs/SJr_-Sr1n?bc=true&bcCurrent=Chemistry%2C%20Biochemistry%20(Concentration)&bcItemType=programs
College of Science,"Chemistry, Pure (Concentration)",Concentration,https://catalog.uah.edu/#/programs/SJr_-Sr1n?bc=true&bcCurrent=Chemistry%2C%20Pure%20(Concentration)&bcItemType=programs
College of Science,Environmental Chemistry (Concentration),Concentration,https://catalog.uah.edu/#/programs/SJr_-Sr1n?bc=true&bcCurrent=Environmental%20Chemistry%20(Concentration)&bcItemType=programs
College of Science,"JUMP: BS CH, Chemistry (MS)",MS,https://catalog.uah.edu/#/programs/SJr_-Sr1n?bc=true&bcCurrent=JUMP%3A%20BS%20CH%2C%20Chemistry%20(MS)%20&bcItemType=programs
College of Science,Chemistry (Minor),Minor,https://catalog.uah.edu/#/programs/rJgw_WHBy3?bc=true&bcCurrent=Chemistry%20(Minor)&bcGroup=College%20of%20Science&bcItemType=programs
College of Science,Chemistry (MS),MS,https://catalog.uah.edu/#/programs/BJ8O-rHyn?bc=true&bcCurrent=Chemistry%20(MS)&bcGroup=College%20of%20Science&bcItemType=programs
College of Science,Education (Concentration),Concentration,https://catalog.uah.edu/#/programs/BJ8O-rHyn?bc=true&bcCurrent=Education%20(Concentration)&bcItemType=programs
College of Science,Chemistry (PhD),PhD,https://catalog.uah.edu/#/programs/HyKAvZHB2?bc=true&bcCurrent=Chemistry%20(PhD)&bcGroup=College%20of%20Science&bcItemType=programs
College of Science,Academic Chemistry (Concentration),Concentration,https://catalog.uah.edu/#/programs/HyKAvZHB2?bc=true&bcCurrent=Academic%20Chemistry%20(Concentration)&bcItemType=programs
College of Science,Entrepreneurial Chemistry (Concentration),Concentration,https://catalog.uah.edu/#/programs/HyKAvZHB2?bc=true&bcCurrent=Entrepreneurial%20Chemistry%20(Concentration)&bcItemType=programs
College of Science,Executive Chemistry (Concentration),Concentration,https://catalog.uah.edu/#/programs/HyKAvZHB2?bc=true&bcCurrent=Executive%20Chemistry%20(Concentration)&bcItemType=programs
College of Science,Computational Physics (Graduate Certificate),Graduate Certificate,https://catalog.uah.edu/#/programs/S1jscrSMa?bc=true&bcCurrent=Computational%20Physics%20(Graduate%20Certificate)&bcGroup=College%20of%20Science&bcItemType=programs
College of Science,Computer Languages & Systems (Minor),Minor,https://catalog.uah.edu/#/programs/HJlwdZHrJh?bc=true&bcCurrent=Computer%20Languages%20%26%20Systems%20(Minor)&bcGroup=College%20of%20Science&bcItemType=programs
College of Science,Computer Science (BS),BS,https://catalog.uah.edu/#/programs/r1br_WrrJn?bc=true&bcCurrent=Computer%20Science%20(BS)&bcGroup=College%20of%20Science&bcItemType=programs
College of Science,Artificial Intelligence and Data Science (Concentration),Concentration,https://catalog.uah.edu/#/programs/r1br_WrrJn?bc=true&bcCurrent=Artificial%20Intelligence%20and%20Data%20Science%20(Concentration)&bcItemType=programs
College of Science,"Computer Science, General (Concentration)",Concentration,https://catalog.uah.edu/#/programs/r1br_WrrJn?bc=true&bcCurrent=Computer%20Science%2C%20General%20(Concentration)&bcItemType=programs
College of Science,Cybersecurity (Concentration),Concentration,https://catalog.uah.edu/#/programs/r1br_WrrJn?bc=true&bcCurrent=Cybersecurity%20(Concentration)&bcItemType=programs
College of Science,Entertainment Computing (Concentration),Concentration,https://catalog.uah.edu/#/programs/r1br_WrrJn?bc=true&bcCurrent=Entertainment%20Computing%20(Concentration)&bcItemType=programs
College of Science,"JUMP: BS CS, Computer Science (MS)",MS,https://catalog.uah.edu/#/programs/r1br_WrrJn?bc=true&bcCurrent=JUMP%3A%20BS%20CS%2C%20Computer%20Science%20(MS)&bcItemType=programs
College of Science,"JUMP: BS CS, Cyber Security - Computer Science Track (MSCBS)",MSCBS,https://catalog.uah.edu/#/programs/r1br_WrrJn?bc=true&bcCurrent=JUMP%3A%20BS%20CS%2C%20Cyber%20Security%20-%20Computer%20Science%20Track%20(MSCBS)&bcItemType=programs
College of Science,"JUMP: BS CS, MSCBS in Cyber Security - Business Track",,https://catalog.uah.edu/#/programs/r1br_WrrJn?bc=true&bcCurrent=JUMP%3A%20BS%20CS%2C%20MSCBS%20in%20Cyber%20Security%20-%20Business%20Track&bcItemType=programs
College of Science,"JUMP: BS CS, MSIS",,https://catalog.uah.edu/#/programs/r1br_WrrJn?bc=true&bcCurrent=JUMP%3A%20BS%20CS%2C%20MSIS%20&bcItemType=programs
College of Science,"JUMP: BS CS, Software Engineering - Computer Science Track (MSSE)",MSSE,https://catalog.uah.edu/#/programs/r1br_WrrJn?bc=true&bcCurrent=JUMP%3A%20BS%20CS%2C%20Software%20Engineering%20-%20Computer%20Science%20Track%20(MSSE)&bcItemType=programs
College of Science,Web Programming (Concentration),Concentration,https://catalog.uah.edu/#/programs/r1br_WrrJn?bc=true&bcCurrent=Web%20Programming%20(Concentration)&bcItemType=programs
College of Science,Computer Science (Minor),Minor,https://catalog.uah.edu/#/programs/HkZw_bHS12?bc=true&bcCurrent=Computer%20Science%20(Minor)&bcGroup=College%20of%20Science&bcItemType=programs
College of Science,Computer Science (MS),MS,https://catalog.uah.edu/#/programs/rJeHOZBSJh?bc=true&bcCurrent=Computer%20Science%20(MS)&bcGroup=College%20of%20Science&bcItemType=programs
College of Science,Cybersecurity (Concentration),Concentration,https://catalog.uah.edu/#/programs/rJeHOZBSJh?bc=true&bcCurrent=Cybersecurity%20(Concentration)&bcItemType=programs
College of Science,Data Science (Concentration),Concentration,https://catalog.uah.edu/#/programs/rJeHOZBSJh?bc=true&bcCurrent=Data%20Science%20(Concentration)&bcItemType=programs
College of Science,Computer Science (MSSE),MSSE,https://catalog.uah.edu/#/programs/BkB_brBJn?bc=true&bcCurrent=Computer%20Science%20(MSSE)&bcGroup=College%20of%20Science&bcItemType=programs
College of Science,Computer Science (PhD),PhD,https://catalog.uah.edu/#/programs/HJxL_WBH12?bc=true&bcCurrent=Computer%20Science%20(PhD)&bcGroup=College%20of%20Science&bcItemType=programs
College of Science,"Computer Science, Intensive Core (Certificate)",Certificate,https://catalog.uah.edu/#/programs/HknR87gMT?bc=true&bcCurrent=Computer%20Science%2C%20Intensive%20Core%20(Certificate)&bcGroup=College%20of%20Science&bcItemType=programs
College of Science,Cybersecurity (Graduate Certificate),Graduate Certificate,https://catalog.uah.edu/#/programs/HyPszb4za?bc=true&bcCurrent=Cybersecurity%20(Graduate%20Certificate)&bcGroup=College%20of%20Science&bcItemType=programs
College of Science,Cybersecurity (MS),MS,https://catalog.uah.edu/#/programs/rkH_bBHkn?bc=true&bcCurrent=Cybersecurity%20(MS)&bcGroup=College%20of%20Science&bcItemType=programs
College of Science,Cybersecurity (Undergraduate Certificate),Undergraduate Certificate,https://catalog.uah.edu/#/programs/Hkq2D-4Ga?bc=true&bcCurrent=Cybersecurity%20(Undergraduate%20Certificate)&bcGroup=College%20of%20Science&bcItemType=programs
College of Science,Earth Ecosystems (Minor),Minor,https://catalog.uah.edu/#/programs/HybPOZBB12?bc=true&bcCurrent=Earth%20Ecosystems%20(Minor)&bcGroup=College%20of%20Science&bcItemType=programs
College of Science,Engineering Technology (BS),BS,https://catalog.uah.edu/#/programs/Syl3SWHSy3?bc=true&bcCurrent=Engineering%20Technology%20(BS)&bcGroup=College%20of%20Science&bcItemType=programs
College of Science,Engineering Technology (Minor),Minor,https://catalog.uah.edu/#/programs/ByUUoI-5T?bc=true&bcCurrent=Engineering%20Technology%20(Minor)&bcGroup=College%20of%20Science&bcItemType=programs
College of Science,Entertainment Computing (Minor),Minor,https://catalog.uah.edu/#/programs/HJEv_bBSJn?bc=true&bcCurrent=Entertainment%20Computing%20(Minor)&bcGroup=College%20of%20Science&bcItemType=programs
College of Science,Geographical Information Systems & Remote Sensing (Certificate),Certificate,https://catalog.uah.edu/#/programs/S1wu-BrJh?bc=true&bcCurrent=Geographical%20Information%20Systems%20%26%20Remote%20Sensing%20(Certificate)&bcGroup=College%20of%20Science&bcItemType=programs
College of Science,Geographical Information Systems & Remote Sensing (Graduate Certificate),Graduate Certificate,https://catalog.uah.edu/#/programs/B1ZvdbBSkh?bc=true&bcCurrent=Geographical%20Information%20Systems%20%26%20Remote%20Sensing%20(Graduate%20Certificate)&bcGroup=College%20of%20Science&bcItemType=programs
College of Science,Geographical Information Systems (Minor),Minor,https://catalog.uah.edu/#/programs/r1xPuZBHJ3?bc=true&bcCurrent=Geographical%20Information%20Systems%20(Minor)&bcGroup=College%20of%20Science&bcItemType=programs
College of Science,Materials Science (MS),MS,https://catalog.uah.edu/#/programs/rJSdbrH13?bc=true&bcCurrent=Materials%20Science%20(MS)&bcGroup=College%20of%20Science&bcItemType=programs
College of Science,Materials Science (PhD),PhD,https://catalog.uah.edu/#/programs/B1ESdbBHyn?bc=true&bcCurrent=Materials%20Science%20(PhD)&bcGroup=College%20of%20Science&bcItemType=programs
College of Science,Mathematical Sciences (BS),BS,https://catalog.uah.edu/#/programs/HyIOWHr12?bc=true&bcCurrent=Mathematical%20Sciences%20(BS)&bcGroup=College%20of%20Science&bcItemType=programs
College of Science,"JUMP: BS MA, Mathematics (MA)",MA,https://catalog.uah.edu/#/programs/HyIOWHr12?bc=true&bcCurrent=JUMP%3A%20BS%20MA%2C%20Mathematics%20(MA)&bcItemType=programs
College of Science,"JUMP: BS MA, Mathematics (MS)",MS,https://catalog.uah.edu/#/programs/HyIOWHr12?bc=true&bcCurrent=JUMP%3A%20BS%20MA%2C%20Mathematics%20(MS)&bcItemType=programs
College of Science,"JUMP: BS MA, Space Science (MS)",MS,https://catalog.uah.edu/#/programs/HyIOWHr12?bc=true&bcCurrent=JUMP%3A%20BS%20MA%2C%20Space%20Science%20(MS)&bcItemType=programs
College of Science,Mathematical Sciences (MA),MA,https://catalog.uah.edu/#/programs/HJru-Br13?bc=true&bcCurrent=Mathematical%20Sciences%20(MA)&bcGroup=College%20of%20Science&bcItemType=programs
College of Science,Education (Concentration),Concentration,https://catalog.uah.edu/#/programs/HJru-Br13?bc=true&bcCurrent=Education%20(Concentration)&bcItemType=programs
College of Science,"Mathematics, General (Concentration)",Concentration,https://catalog.uah.edu/#/programs/HJru-Br13?bc=true&bcCurrent=Mathematics%2C%20General%20(Concentration)&bcItemType=programs
College of Science,Mathematical Sciences (Minor),Minor,https://catalog.uah.edu/#/programs/rkgv_WSryh?bc=true&bcCurrent=Mathematical%20Sciences%20(Minor)&bcGroup=College%20of%20Science&bcItemType=programs
College of Science,Mathematical Sciences (MS),MS,https://catalog.uah.edu/#/programs/SkS_ZSHk2?bc=true&bcCurrent=Mathematical%20Sciences%20(MS)&bcGroup=College%20of%20Science&bcItemType=programs
College of Science,Education (Concentration),Concentration,https://catalog.uah.edu/#/programs/SkS_ZSHk2?bc=true&bcCurrent=Education%20(Concentration)&bcItemType=programs
College of Science,"Mathematics, General (Concentration)",Concentration,https://catalog.uah.edu/#/programs/SkS_ZSHk2?bc=true&bcCurrent=Mathematics%2C%20General%20(Concentration)&bcItemType=programs
College of Science,"Mathematics, Applied (PhD)",PhD,https://catalog.uah.edu/#/programs/SJQrObrBJ2?bc=true&bcCurrent=Mathematics%2C%20Applied%20(PhD)&bcGroup=College%20of%20Science&bcItemType=programs
College of Science,Natural Disasters Impacts & Policy (Minor),Minor,https://catalog.uah.edu/#/programs/ryvdWHHy2?bc=true&bcCurrent=Natural%20Disasters%20Impacts%20%26%20Policy%20(Minor)&bcGroup=College%20of%20Science&bcItemType=programs
College of Science,Optical Science & Engineering (PhD),PhD,https://catalog.uah.edu/#/programs/BJxBuZHHk2?bc=true&bcCurrent=Optical%20Science%20%26%20Engineering%20(PhD)&bcGroup=College%20of%20Science&bcItemType=programs
College of Science,Optics (Minor),Minor,https://catalog.uah.edu/#/programs/ryGwOWHHJn?bc=true&bcCurrent=Optics%20(Minor)&bcGroup=College%20of%20Science&bcItemType=programs
College of Science,Physics (BS),BS,https://catalog.uah.edu/#/programs/HJ8ubBSkn?bc=true&bcCurrent=Physics%20(BS)&bcGroup=College%20of%20Science&bcItemType=programs
College of Science,Applied Physics (Concentration),Concentration,https://catalog.uah.edu/#/programs/HJ8ubBSkn?bc=true&bcCurrent=Applied%20Physics%20(Concentration)&bcItemType=programs
College of Science,Astronomy & Astrophysics (Concentration),Concentration,https://catalog.uah.edu/#/programs/HJ8ubBSkn?bc=true&bcCurrent=Astronomy%20%26%20Astrophysics%20(Concentration)&bcItemType=programs
College of Science,"JUMP: BS PH, Physics (MS)",MS,https://catalog.uah.edu/#/programs/HJ8ubBSkn?bc=true&bcCurrent=JUMP%3A%20BS%20PH%2C%20Physics%20(MS)&bcItemType=programs
College of Science,Optics (Concentration),Concentration,https://catalog.uah.edu/#/programs/HJ8ubBSkn?bc=true&bcCurrent=Optics%20(Concentration)&bcItemType=programs
College of Science,"Physics, General (Concentration)",Concentration,https://catalog.uah.edu/#/programs/HJ8ubBSkn?bc=true&bcCurrent=Physics%2C%20General%20(Concentration)&bcItemType=programs
College of Science,Physics (Minor),Minor,https://catalog.uah.edu/#/programs/BJzPOWHSy3?bc=true&bcCurrent=Physics%20(Minor)&bcGroup=College%20of%20Science&bcItemType=programs
College of Science,Physics (MS),MS,https://catalog.uah.edu/#/programs/ryeUubSH1h?bc=true&bcCurrent=Physics%20(MS)&bcGroup=College%20of%20Science&bcItemType=programs
College of Science,Education (Concentration),Concentration,https://catalog.uah.edu/#/programs/ryeUubSH1h?bc=true&bcCurrent=Education%20(Concentration)&bcItemType=programs
College of Science,Optics and Photonics Technology (Concentration),Concentration,https://catalog.uah.edu/#/programs/ryeUubSH1h?bc=true&bcCurrent=Optics%20and%20Photonics%20Technology%20(Concentration)&bcItemType=programs
College of Science,"Physics, General (Concentration)",Concentration,https://catalog.uah.edu/#/programs/ryeUubSH1h?bc=true&bcCurrent=Physics%2C%20General%20(Concentration)&bcItemType=programs
College of Science,Physics (PhD),PhD,https://catalog.uah.edu/#/programs/Hkx8OWBB1h?bc=true&bcCurrent=Physics%20(PhD)&bcGroup=College%20of%20Science&bcItemType=programs
College of Science,Software Engineering (Graduate Certificate),Graduate Certificate,https://catalog.uah.edu/#/programs/H1Hu-rHJ2?bc=true&bcCurrent=Software%20Engineering%20(Graduate%20Certificate)&bcGroup=College%20of%20Science&bcItemType=programs
College of Science,Space Science (MS),MS,https://catalog.uah.edu/#/programs/B1Su-SS12?bc=true&bcCurrent=Space%20Science%20(MS)&bcGroup=College%20of%20Science&bcItemType=programs
College of Science,Space Science (PhD),PhD,https://catalog.uah.edu/#/programs/SJIu-Srk2?bc=true&bcCurrent=Space%20Science%20(PhD)&bcGroup=College%20of%20Science&bcItemType=programs
General College,Charger Foundations,,https://catalog.uah.edu/#/programs/H10QgLO9p?bc=true&bcCurrent=Charger%20Foundations&bcGroup=General%20College&bcItemType=programs
General College,Gulf Scholars Program (Undergraduate Certificate),Undergraduate Certificate,https://catalog.uah.edu/#/programs/ryNo4344Je?bc=true&bcCurrent=Gulf%20Scholars%20Program%20(Undergraduate%20Certificate)&bcGroup=General%20College&bcItemType=programs
General College,Interdisciplinary Cognate (Minor),Minor,https://catalog.uah.edu/#/programs/S1ewd-Srkh?bc=true&bcCurrent=Interdisciplinary%20Cognate%20(Minor)&bcGroup=General%20College&bcItemType=programs
Honors College,Honors Certificate,,https://catalog.uah.edu/#/programs/r14tVSDGn?bc=true&bcCurrent=Honors%20Certificate&bcGroup=Honors%20College&bcItemType=programs
Honors College,Honors Diploma,,https://catalog.uah.edu/#/programs/BkPdYd1bn?bc=true&bcCurrent=Honors%20Diploma&bcGroup=Honors%20College&bcItemType=programs
